Pathway identifier,Pathway name,Entities found,Entities total,Entities ratio,Entities pValue,Entities FDR,Reactions found,Reactions total,Reactions ratio,Species identifier,Species name,Submitted entities found,Mapped entities,Found reaction identifiers
R-HSA-6798695,Neutrophil degranulation,36,480,0.031614305,1.11E-16,1.65E-14,10,10,7.10E-04,9606,Homo sapiens,FCN1;CDA;CXCL8;PTAFR;C5AR1;FPR1;CXCL1;PYGL;FPR2;SIRPB1;FCAR;CST3;FCGR3B;CXCR1;CXCR2;SIRPA;PGLYRP1;CAMP;ARG1;SLC11A1;PLAUR;LYZ;CPPED1;CEACAM3;BST1;RAB31;FCGR2A;CLEC4D;GLB1L;QPCT;S100P;MNDA;CD248;S100A9;S100A8,,R-HSA-6798743;R-HSA-6799350;R-HSA-6798739;R-HSA-6800434;R-HSA-6798751;R-HSA-6798749;R-HSA-6798748;R-HSA-6798747;R-HSA-6800426;R-HSA-6798745
R-HSA-6783783,Interleukin-10 signaling,20,86,0.00566423,1.11E-16,1.65E-14,4,15,0.001065492,9606,Homo sapiens,CXCL8;CCL3L1;CCL20;IL1B;IL1R2;PTAFR;FPR1;CXCL1;PTGS2,,R-HSA-8937656;R-HSA-6784160;R-HSA-6790029;R-HSA-8937654
R-HSA-168256,Immune System,89,2698,0.177698742,1.11E-16,1.65E-14,208,1645,0.116848984,9606,Homo sapiens,FCGR1BP;IFITM3;FCN1;CDA;CXCL8;NCF1;NCF2;NCF4;CXCL1;PYGL;TREM1;SIRPB1;IFIT3;FCAR;FCGR3B;SIRPA;PGLYRP1;CAMP;ARG1;SLC11A1;IL1R2;PLAUR;FOS;CEACAM3;RAB31;CLEC4D;OAS1;HECW2;IL1B;SERPING1;CLEC4E;TLR4;S100A9;S100A8;LILRA6;CCL3L1;CEBPD;PTAFR;C5AR1;FPR1;FPR2;MEFV;PTGS2;CST3;CXCR1;CLEC7A;CXCR2;LYN;EGR1;CCL20;OSM;LYZ;CPPED1;BST1;BPIFB1;FCGR2A;GLB1L;QPCT;S100P;MNDA;CD248;LTBR;TRIM34,,R-HSA-8983688;R-HSA-8983680;R-HSA-1222685;R-HSA-8863895;R-HSA-936985;R-HSA-2562564;R-HSA-5621366;R-HSA-449058;R-HSA-5621363;R-HSA-6783552;R-HSA-1031716;R-HSA-1031713;R-HSA-5621370;R-HSA-8937656;R-HSA-937022;R-HSA-5668454;R-HSA-5621347;R-HSA-5621356;R-HSA-5621353;R-HSA-8937654;R-HSA-5621355;R-HSA-5621354;R-HSA-6783524;R-HSA-5432849;R-HSA-5432852;R-HSA-937029;R-HSA-6800426;R-HSA-450133;R-HSA-6800434;R-HSA-1168456;R-HSA-1168459;R-HSA-983147;R-HSA-375395;R-HSA-5676593;R-HSA-5668414;R-HSA-9705726;R-HSA-983140;R-HSA-937059;R-HSA-2559568;R-HSA-879221;R-HSA-937079;R-HSA-5676591;R-HSA-983157;R-HSA-983156;R-HSA-937075;R-HSA-9606163;R-HSA-8852481;R-HSA-983709;R-HSA-166041;R-HSA-6798528;R-HSA-6789325;R-HSA-9674808;R-HSA-446634;R-HSA-446130;R-HSA-2213017;R-HSA-448703;R-HSA-166072;R-HSA-446648;R-HSA-166082;R-HSA-964811;R-HSA-2201316;R-HSA-2454240;R-HSA-2029272;R-HSA-6784160;R-HSA-2029273;R-HSA-2029270;R-HSA-166091;R-HSA-2029271;R-HSA-2029268;R-HSA-2201322;R-HSA-9674816;R-HSA-2262775;R-HSA-5668481;R-HSA-388829;R-HSA-446684;R-HSA-388831;R-HSA-2262777;R-HSA-2201338;R-HSA-8862300;R-HSA-446694;R-HSA-2197697;R-HSA-5668534;R-HSA-446692;R-HSA-168166;R-HSA-388833;R-HSA-166119;R-HSA-2454208;R-HSA-446701;R-HSA-2201293;R-HSA-6798474;R-HSA-450292;R-HSA-5624486;R-HSA-8862320;R-HSA-912629;R-HSA-2454239;R-HSA-8983671;R-HSA-2855125;R-HSA-912627;R-HSA-879362;R-HSA-450325;R-HSA-5607750;R-HSA-5607745;R-HSA-5362500;R-HSA-5690702;R-HSA-166168;R-HSA-5607758;R-HSA-166175;R-HSA-879917;R-HSA-450358;R-HSA-5696358;R-HSA-445757;R-HSA-877361;R-HSA-445752;R-HSA-879411;R-HSA-445753;R-HSA-507719;R-HSA-166726;R-HSA-2730860;R-HSA-2569057;R-HSA-2730862;R-HSA-2730851;R-HSA-199518;R-HSA-9707977;R-HSA-210274;R-HSA-166753;R-HSA-166245;R-HSA-5362486;R-HSA-5607738;R-HSA-9705467;R-HSA-6801687;R-HSA-2730843;R-HSA-210292;R-HSA-2730833;R-HSA-166271;R-HSA-199043;R-HSA-9677585;R-HSA-6789092;R-HSA-2025882;R-HSA-2029467;R-HSA-446862;R-HSA-6789615;R-HSA-166792;R-HSA-166286;R-HSA-2029458;R-HSA-2029459;R-HSA-166284;R-HSA-6799350;R-HSA-2559414;R-HSA-8870678;R-HSA-446868;R-HSA-2029452;R-HSA-2029453;R-HSA-2029451;R-HSA-9705729;R-HSA-2029449;R-HSA-9677579;R-HSA-5660622;R-HSA-1015702;R-HSA-1015699;R-HSA-9705738;R-HSA-5660663;R-HSA-2730888;R-HSA-9674546;R-HSA-8869667;R-HSA-446894;R-HSA-5432825;R-HSA-2730882;R-HSA-8852266;R-HSA-2730884;R-HSA-9674558;R-HSA-2730886;R-HSA-9676071;R-HSA-6789072;R-HSA-2029476;R-HSA-1236955;R-HSA-2562541;R-HSA-9690461;R-HSA-6805943;R-HSA-9674563;R-HSA-168915;R-HSA-9674562;R-HSA-9674567;R-HSA-6809521;R-HSA-166362;R-HSA-166363;R-HSA-1236939;R-HSA-168921;R-HSA-1236940;R-HSA-1236941;R-HSA-936941;R-HSA-5668789;R-HSA-435171;R-HSA-1861621;R-HSA-6790029;R-HSA-6798743;R-HSA-6790036;R-HSA-9021306;R-HSA-6789524;R-HSA-6798739;R-HSA-1236967;R-HSA-936952;R-HSA-6798751;R-HSA-936951;R-HSA-6798749;R-HSA-6798748;R-HSA-6798747;R-HSA-936947;R-HSA-6798745
R-HSA-168249,Innate Immune System,52,1345,0.088585918,4.36E-12,4.89E-10,126,725,0.051498792,9606,Homo sapiens,FCN1;CDA;CXCL8;NCF1;NCF2;PTAFR;NCF4;C5AR1;FPR1;CXCL1;FPR2;PYGL;MEFV;TREM1;SIRPB1;FCAR;CST3;FCGR3B;CXCR1;CLEC7A;CXCR2;SIRPA;PGLYRP1;CAMP;LYN;ARG1;SLC11A1;PLAUR;FOS;LYZ;CPPED1;CEACAM3;BST1;BPIFB1;FCGR2A;RAB31;CLEC4D;GLB1L;QPCT;IL1B;SERPING1;S100P;MNDA;CD248;CLEC4E;TLR4;S100A9;S100A8,,R-HSA-1222685;R-HSA-879362;R-HSA-450325;R-HSA-5607750;R-HSA-5607745;R-HSA-5362500;R-HSA-936985;R-HSA-166168;R-HSA-5607758;R-HSA-166175;R-HSA-2562564;R-HSA-5621366;R-HSA-5621363;R-HSA-5621370;R-HSA-937022;R-HSA-450358;R-HSA-5621347;R-HSA-5621356;R-HSA-877361;R-HSA-5621353;R-HSA-879411;R-HSA-5621355;R-HSA-5621354;R-HSA-5432849;R-HSA-166726;R-HSA-2730860;R-HSA-5432852;R-HSA-2569057;R-HSA-2730862;R-HSA-2730851;R-HSA-937029;R-HSA-6800426;R-HSA-6800434;R-HSA-210274;R-HSA-166753;R-HSA-375395;R-HSA-166245;R-HSA-5362486;R-HSA-937059;R-HSA-5607738;R-HSA-6801687;R-HSA-2730843;R-HSA-2559568;R-HSA-210292;R-HSA-879221;R-HSA-2730833;R-HSA-937079;R-HSA-166271;R-HSA-937075;R-HSA-6789092;R-HSA-2029467;R-HSA-8852481;R-HSA-166792;R-HSA-166286;R-HSA-2029458;R-HSA-2029459;R-HSA-166284;R-HSA-6799350;R-HSA-2559414;R-HSA-8870678;R-HSA-2029452;R-HSA-2029453;R-HSA-2029451;R-HSA-2029449;R-HSA-5660622;R-HSA-166041;R-HSA-5660663;R-HSA-2730888;R-HSA-8869667;R-HSA-6798528;R-HSA-5432825;R-HSA-2730882;R-HSA-8852266;R-HSA-2730884;R-HSA-2730886;R-HSA-6789072;R-HSA-2213017;R-HSA-166072;R-HSA-2029476;R-HSA-166082;R-HSA-964811;R-HSA-2201316;R-HSA-2454240;R-HSA-2029272;R-HSA-2029273;R-HSA-2029270;R-HSA-166091;R-HSA-2029271;R-HSA-2562541;R-HSA-2029268;R-HSA-2201322;R-HSA-6805943;R-HSA-168915;R-HSA-2262775;R-HSA-6809521;R-HSA-166362;R-HSA-166363;R-HSA-2262777;R-HSA-2201338;R-HSA-168921;R-HSA-8862300;R-HSA-2197697;R-HSA-936941;R-HSA-168166;R-HSA-166119;R-HSA-435171;R-HSA-2454208;R-HSA-1861621;R-HSA-2201293;R-HSA-6798474;R-HSA-6798743;R-HSA-450292;R-HSA-9021306;R-HSA-5624486;R-HSA-6798739;R-HSA-936952;R-HSA-8862320;R-HSA-6798751;R-HSA-936951;R-HSA-6798749;R-HSA-2454239;R-HSA-6798748;R-HSA-6798747;R-HSA-936947;R-HSA-6798745;R-HSA-2855125
R-HSA-380108,Chemokine receptors bind chemokines,11,57,0.003754199,6.08E-10,5.41E-08,4,19,0.001349624,9606,Homo sapiens,CXCL8;CXCR1;CCL3L1;CCL20;CXCR2;CXCL1,,R-HSA-373813;R-HSA-443986;R-HSA-373791;R-HSA-373087
R-HSA-1280215,Cytokine Signaling in Immune system,41,1107,0.072910492,4.58E-09,3.39E-07,64,726,0.051569825,9606,Homo sapiens,LYN;FCGR1BP;IFITM3;EGR1;CXCL8;CEBPD;CCL3L1;CCL20;IL1R2;PTAFR;OSM;FPR1;CXCL1;FOS;PTGS2;IFIT3;OAS1;IL1B;S100P;LTBR;TRIM34,,R-HSA-8983688;R-HSA-9677585;R-HSA-446862;R-HSA-6789615;R-HSA-8983680;R-HSA-446868;R-HSA-450325;R-HSA-9705729;R-HSA-9677579;R-HSA-1015702;R-HSA-1015699;R-HSA-9705738;R-HSA-879917;R-HSA-9674546;R-HSA-449058;R-HSA-6783552;R-HSA-446894;R-HSA-6789325;R-HSA-1031716;R-HSA-9674808;R-HSA-446634;R-HSA-9674558;R-HSA-1031713;R-HSA-8937656;R-HSA-5668454;R-HSA-446130;R-HSA-9676071;R-HSA-448703;R-HSA-445757;R-HSA-445752;R-HSA-446648;R-HSA-8937654;R-HSA-445753;R-HSA-507719;R-HSA-6783524;R-HSA-6784160;R-HSA-9674563;R-HSA-9674562;R-HSA-450133;R-HSA-9674816;R-HSA-9674567;R-HSA-5668481;R-HSA-1168456;R-HSA-446684;R-HSA-1168459;R-HSA-9707977;R-HSA-446694;R-HSA-5668534;R-HSA-446692;R-HSA-5668789;R-HSA-168166;R-HSA-5676593;R-HSA-5668414;R-HSA-6790029;R-HSA-9705726;R-HSA-446701;R-HSA-9705467;R-HSA-450292;R-HSA-6790036;R-HSA-6789524;R-HSA-912629;R-HSA-5676591;R-HSA-8983671;R-HSA-912627
R-HSA-375276,Peptide ligand-binding receptors,16,203,0.013370217,2.81E-08,1.80E-06,10,83,0.005895724,9606,Homo sapiens,CXCL8;CXCR1;CCL3L1;CCL20;C5AR1;CXCR2;FPR1;PROK2;CXCL1;FPR2,,R-HSA-373813;R-HSA-443986;R-HSA-964811;R-HSA-444691;R-HSA-375395;R-HSA-444527;R-HSA-373791;R-HSA-373087;R-HSA-391913;R-HSA-374251
R-HSA-449147,Signaling by Interleukins,28,658,0.043337944,1.15E-07,6.44E-06,33,505,0.035871573,9606,Homo sapiens,LYN;CXCL8;CEBPD;CCL3L1;CCL20;IL1R2;PTAFR;OSM;FPR1;CXCL1;FOS;PTGS2;IL1B;S100P,,R-HSA-507719;R-HSA-6783524;R-HSA-6784160;R-HSA-446862;R-HSA-6789615;R-HSA-446868;R-HSA-450325;R-HSA-450133;R-HSA-446684;R-HSA-446694;R-HSA-879917;R-HSA-446692;R-HSA-449058;R-HSA-168166;R-HSA-6783552;R-HSA-446894;R-HSA-6790029;R-HSA-6789325;R-HSA-446701;R-HSA-446634;R-HSA-8937656;R-HSA-450292;R-HSA-6790036;R-HSA-6789524;R-HSA-446130;R-HSA-912629;R-HSA-448703;R-HSA-445757;R-HSA-445752;R-HSA-446648;R-HSA-8937654;R-HSA-912627;R-HSA-445753
R-HSA-373076,Class A/1 (Rhodopsin-like receptors),20,414,0.027267338,1.29E-06,5.73E-05,14,185,0.013141071,9606,Homo sapiens,CXCL8;CCL3L1;CCL20;PTAFR;C5AR1;FPR1;CXCL1;FPR2;HCAR2;HCAR3;CXCR1;CXCR2;PROK2;FFAR2,,R-HSA-964811;R-HSA-375395;R-HSA-3296309;R-HSA-444527;R-HSA-391913;R-HSA-444171;R-HSA-374251;R-HSA-373813;R-HSA-419351;R-HSA-444661;R-HSA-443986;R-HSA-444691;R-HSA-373791;R-HSA-373087
R-HSA-9031628,NGF-stimulated transcription,8,56,0.003688336,1.30E-06,5.73E-05,27,37,0.002628214,9606,Homo sapiens,FOSL1;EGR1;EGR2;FOS;TRIB1,,R-HSA-9613202;R-HSA-9031624;R-HSA-9613207;R-HSA-9613210;R-HSA-9031616;R-HSA-9613213;R-HSA-9612483;R-HSA-9621386;R-HSA-9621385;R-HSA-9031575;R-HSA-9612493;R-HSA-9621042;R-HSA-9620723;R-HSA-9612534;R-HSA-9620663;R-HSA-9621048;R-HSA-9612514;R-HSA-9613219;R-HSA-9613476;R-HSA-9612516;R-HSA-9621035;R-HSA-9621032;R-HSA-9612073;R-HSA-9616105;R-HSA-9616110;R-HSA-9616367;R-HSA-9612076
R-HSA-6785807,Interleukin-4 and Interleukin-13 signaling,13,211,0.013897122,8.28E-06,3.31E-04,5,47,0.003338542,9606,Homo sapiens,CXCL8;CEBPD;IL1B;OSM;FOS;PTGS2,,R-HSA-6790036;R-HSA-6789524;R-HSA-6789615;R-HSA-6790029;R-HSA-6789325
R-HSA-198725,Nuclear Events (kinase and transcription factor activation),8,80,0.005269051,1.71E-05,6.33E-04,27,48,0.003409575,9606,Homo sapiens,FOSL1;EGR1;EGR2;FOS;TRIB1,,R-HSA-9613202;R-HSA-9031624;R-HSA-9613207;R-HSA-9613210;R-HSA-9031616;R-HSA-9613213;R-HSA-9612483;R-HSA-9621386;R-HSA-9621385;R-HSA-9031575;R-HSA-9612493;R-HSA-9621042;R-HSA-9620723;R-HSA-9612534;R-HSA-9620663;R-HSA-9621048;R-HSA-9612514;R-HSA-9613219;R-HSA-9613476;R-HSA-9612516;R-HSA-9621035;R-HSA-9621032;R-HSA-9612073;R-HSA-9616105;R-HSA-9616110;R-HSA-9616367;R-HSA-9612076
R-HSA-418594,G alpha (i) signalling events,18,426,0.028057696,2.65E-05,9.01E-04,7,74,0.005256428,9606,Homo sapiens,RGS18;RGS17;GABBR1;CXCL8;CCL20;CCL4L2;C5AR1;FPR1;CXCL1;FPR2;HCAR2;HCAR3;RGS2;CXCR1;CXCR2,,R-HSA-392212;R-HSA-749454;R-HSA-8982012;R-HSA-8982019;R-HSA-749456;R-HSA-380073;R-HSA-8982020
R-HSA-500792,GPCR ligand binding,21,608,0.040044787,1.02E-04,0.003248812,15,217,0.015414121,9606,Homo sapiens,GABBR1;CXCL8;CCL3L1;CCL20;PTAFR;C5AR1;FPR1;CXCL1;FPR2;HCAR2;HCAR3;CXCR1;CXCR2;PROK2;FFAR2,,R-HSA-964811;R-HSA-375395;R-HSA-3296309;R-HSA-444527;R-HSA-391913;R-HSA-444171;R-HSA-374251;R-HSA-373813;R-HSA-419351;R-HSA-444661;R-HSA-443986;R-HSA-444691;R-HSA-420688;R-HSA-373791;R-HSA-373087
R-HSA-372790,Signaling by GPCR,26,875,0.057630244,1.70E-04,0.004929671,34,392,0.027844864,9606,Homo sapiens,RGS18;RGS17;GABBR1;CXCL8;CCL3L1;CCL20;CCL4L2;PTAFR;C5AR1;FPR1;CXCL1;FPR2;HCAR2;HCAR3;RGS2;CXCR1;CXCR2;PROK2;FFAR2;ARHGEF40,,R-HSA-8982025;R-HSA-392133;R-HSA-8982026;R-HSA-749448;R-HSA-749454;R-HSA-964811;R-HSA-749452;R-HSA-3296309;R-HSA-8982017;R-HSA-8982019;R-HSA-8982018;R-HSA-8982021;R-HSA-8982020;R-HSA-444171;R-HSA-8981892;R-HSA-418582;R-HSA-392212;R-HSA-419351;R-HSA-443986;R-HSA-444691;R-HSA-420688;R-HSA-419166;R-HSA-373791;R-HSA-373087;R-HSA-749456;R-HSA-375395;R-HSA-444527;R-HSA-380073;R-HSA-391913;R-HSA-379048;R-HSA-374251;R-HSA-373813;R-HSA-444661;R-HSA-8982012
R-HSA-5668599,RHO GTPases Activate NADPH Oxidases,5,38,0.002502799,1.95E-04,0.005113129,11,14,9.94E-04,9606,Homo sapiens,NCF1;NCF2;NCF4;S100A9;S100A8,,R-HSA-9626832;R-HSA-9626880;R-HSA-9626816;R-HSA-9626848;R-HSA-9626817;R-HSA-5668629;R-HSA-5218827;R-HSA-5218841;R-HSA-5668735;R-HSA-5668605;R-HSA-5668731
R-HSA-5660668,CLEC7A/inflammasome pathway,3,8,5.27E-04,1.97E-04,0.005113129,2,4,2.84E-04,9606,Homo sapiens,IL1B,,R-HSA-5660663;R-HSA-5660622
R-HSA-388396,GPCR downstream signalling,23,794,0.05229533,5.83E-04,0.014000384,19,175,0.012430743,9606,Homo sapiens,RGS18;RGS17;GABBR1;CXCL8;CCL20;CCL4L2;PTAFR;C5AR1;FPR1;CXCL1;FPR2;HCAR2;HCAR3;RGS2;CXCR1;CXCR2;PROK2;FFAR2;ARHGEF40,,R-HSA-8982025;R-HSA-392133;R-HSA-8982026;R-HSA-749448;R-HSA-749454;R-HSA-749452;R-HSA-8982017;R-HSA-8982019;R-HSA-8982018;R-HSA-380073;R-HSA-8982021;R-HSA-8982020;R-HSA-379048;R-HSA-8981892;R-HSA-418582;R-HSA-392212;R-HSA-8982012;R-HSA-419166;R-HSA-749456
R-HSA-1236973,Cross-presentation of particulate exogenous antigens (phagosomes),3,13,8.56E-04,8.03E-04,0.018461356,1,3,2.13E-04,9606,Homo sapiens,NCF1;NCF2;NCF4,,R-HSA-1236967
R-HSA-187037,Signaling by NTRK1 (TRKA),8,143,0.009418429,8.64E-04,0.019001316,27,102,0.007245347,9606,Homo sapiens,FOSL1;EGR1;EGR2;FOS;TRIB1,,R-HSA-9613202;R-HSA-9031624;R-HSA-9613207;R-HSA-9613210;R-HSA-9031616;R-HSA-9613213;R-HSA-9612483;R-HSA-9621386;R-HSA-9621385;R-HSA-9031575;R-HSA-9612493;R-HSA-9621042;R-HSA-9620723;R-HSA-9612534;R-HSA-9620663;R-HSA-9621048;R-HSA-9612514;R-HSA-9613219;R-HSA-9613476;R-HSA-9612516;R-HSA-9621035;R-HSA-9621032;R-HSA-9612073;R-HSA-9616105;R-HSA-9616110;R-HSA-9616367;R-HSA-9612076
R-HSA-913531,Interferon Signaling,14,397,0.026147665,0.001225253,0.025730307,7,74,0.005256428,9606,Homo sapiens,IFITM3;FCGR1BP;EGR1;OAS1;PTAFR;IFIT3;TRIM34,,R-HSA-8983688;R-HSA-8983680;R-HSA-1015702;R-HSA-1031716;R-HSA-1015699;R-HSA-8983671;R-HSA-1031713
R-HSA-909733,Interferon alpha/beta signaling,9,190,0.012513996,0.001325644,0.026512883,2,25,0.00177582,9606,Homo sapiens,IFITM3;EGR1;OAS1;IFIT3,,R-HSA-1015702;R-HSA-1015699
R-HSA-6803157,Antimicrobial peptides,7,123,0.008101166,0.001638197,0.031125737,9,58,0.004119903,9606,Homo sapiens,BPIFB1;SLC11A1;LYZ;PGLYRP1;S100A9;S100A8;CAMP,,R-HSA-6801687;R-HSA-435171;R-HSA-6809521;R-HSA-6789072;R-HSA-8862320;R-HSA-6798528;R-HSA-8862300;R-HSA-6798474;R-HSA-1222685
R-HSA-391160,Signal regulatory protein family interactions,3,18,0.001185536,0.002027009,0.036486155,10,10,7.10E-04,9606,Homo sapiens,SIRPA;SIRPB1,,R-HSA-391157;R-HSA-210274;R-HSA-391156;R-HSA-391158;R-HSA-391153;R-HSA-391168;R-HSA-391152;R-HSA-391155;R-HSA-391151;R-HSA-391150
R-HSA-166520,Signaling by NTRKs,8,166,0.010933281,0.002188792,0.037209466,27,164,0.011649382,9606,Homo sapiens,FOSL1;EGR1;EGR2;FOS;TRIB1,,R-HSA-9613202;R-HSA-9031624;R-HSA-9613207;R-HSA-9613210;R-HSA-9031616;R-HSA-9613213;R-HSA-9612483;R-HSA-9621386;R-HSA-9621385;R-HSA-9031575;R-HSA-9612493;R-HSA-9621042;R-HSA-9620723;R-HSA-9612534;R-HSA-9620663;R-HSA-9621048;R-HSA-9612514;R-HSA-9613219;R-HSA-9613476;R-HSA-9612516;R-HSA-9621035;R-HSA-9621032;R-HSA-9612073;R-HSA-9616105;R-HSA-9616110;R-HSA-9616367;R-HSA-9612076
R-HSA-3296197,Hydroxycarboxylic acid-binding receptors,2,7,4.61E-04,0.004256254,0.072356315,2,3,2.13E-04,9606,Homo sapiens,HCAR2;HCAR3,,R-HSA-444661;R-HSA-3296309
R-HSA-5602498,MyD88 deficiency (TLR2/4),3,26,0.001712442,0.005642065,0.090273046,2,2,1.42E-04,9606,Homo sapiens,S100A9;TLR4;S100A8,,R-HSA-5602383;R-HSA-5602606
R-HSA-1236975,Antigen processing-Cross presentation,8,195,0.012843312,0.005702037,0.091232596,6,23,0.001633755,9606,Homo sapiens,FCGR1BP;NCF1;NCF2;NCF4;CLEC4E;S100A9;TLR4;S100A8,,R-HSA-8863895;R-HSA-1236967;R-HSA-1236939;R-HSA-1236955;R-HSA-1236940;R-HSA-1236941
R-HSA-5603041,IRAK4 deficiency (TLR2/4),3,27,0.001778305,0.006256153,0.09384229,2,2,1.42E-04,9606,Homo sapiens,S100A9;TLR4;S100A8,,R-HSA-5602353;R-HSA-5602672
R-HSA-444473,Formyl peptide receptors bind formyl peptides and many other ligands,2,11,7.24E-04,0.010142215,0.141991009,2,3,2.13E-04,9606,Homo sapiens,FPR1;FPR2,,R-HSA-444527;R-HSA-391913
R-HSA-448706,Interleukin-1 processing,2,12,7.90E-04,0.011963263,0.167485688,2,5,3.55E-04,9606,Homo sapiens,IL1B,,R-HSA-449058;R-HSA-448703
R-HSA-5686938,Regulation of TLR by endogenous ligand,3,36,0.002371073,0.013568665,0.180909459,6,12,8.52E-04,9606,Homo sapiens,S100A9;TLR4;S100A8,,R-HSA-6805943;R-HSA-8870678;R-HSA-5432849;R-HSA-8869667;R-HSA-5432852;R-HSA-5432825
R-HSA-6799990,Metal sequestration by antimicrobial proteins,2,13,8.56E-04,0.013916112,0.180909459,2,5,3.55E-04,9606,Homo sapiens,S100A9;S100A8,,R-HSA-6798528;R-HSA-6798474
R-HSA-5602358,Diseases associated with the TLR signaling cascade,3,42,0.002766252,0.020313595,0.243763136,4,15,0.001065492,9606,Homo sapiens,S100A9;TLR4;S100A8,,R-HSA-5602353;R-HSA-5602672;R-HSA-5602383;R-HSA-5602606
R-HSA-5260271,Diseases of Immune System,3,42,0.002766252,0.020313595,0.243763136,4,15,0.001065492,9606,Homo sapiens,S100A9;TLR4;S100A8,,R-HSA-5602353;R-HSA-5602672;R-HSA-5602383;R-HSA-5602606
R-HSA-5621481,C-type lectin receptors (CLRs),7,203,0.013370217,0.022270319,0.267243828,15,68,0.004830232,9606,Homo sapiens,LYN;CLEC4D;CLEC7A;IL1B;CLEC4E,,R-HSA-5660663;R-HSA-5621366;R-HSA-5621363;R-HSA-5607738;R-HSA-5621370;R-HSA-5607750;R-HSA-5624486;R-HSA-5607745;R-HSA-5621347;R-HSA-5660622;R-HSA-5621356;R-HSA-5607758;R-HSA-5621353;R-HSA-5621355;R-HSA-5621354
R-HSA-6803211,TP53 Regulates Transcription of Death Receptors and Ligands,2,18,0.001185536,0.025524745,0.293711403,2,7,4.97E-04,9606,Homo sapiens,TNFRSF10C,,R-HSA-5633414;R-HSA-5633441
R-HSA-1222556,ROS and RNS production in phagocytes,4,82,0.005400777,0.026701037,0.293711403,2,45,0.003196477,9606,Homo sapiens,NCF1;NCF2;SLC11A1;NCF4,,R-HSA-6789092;R-HSA-435171
R-HSA-1638074,Keratan sulfate/keratin metabolism,3,51,0.00335902,0.033309469,0.320637832,2,16,0.001136525,9606,Homo sapiens,GLB1L;B3GNT7,,R-HSA-2025724;R-HSA-1630306
R-HSA-166058,MyD88:MAL(TIRAP) cascade initiated on plasma membrane,5,133,0.008759797,0.036668542,0.320637832,19,76,0.005398494,9606,Homo sapiens,S100P;FOS;S100A9;TLR4;S100A8,,R-HSA-166082;R-HSA-168166;R-HSA-2201316;R-HSA-166119;R-HSA-166091;R-HSA-2201322;R-HSA-166286;R-HSA-937059;R-HSA-166284;R-HSA-937022;R-HSA-2559414;R-HSA-450292;R-HSA-450325;R-HSA-2262775;R-HSA-166362;R-HSA-937079;R-HSA-166363;R-HSA-166072;R-HSA-2262777
R-HSA-168188,Toll Like Receptor TLR6:TLR2 Cascade,5,133,0.008759797,0.036668542,0.320637832,19,78,0.00554056,9606,Homo sapiens,S100P;FOS;S100A9;TLR4;S100A8,,R-HSA-166082;R-HSA-168166;R-HSA-2201316;R-HSA-166119;R-HSA-166091;R-HSA-2201322;R-HSA-166286;R-HSA-937059;R-HSA-166284;R-HSA-937022;R-HSA-2559414;R-HSA-450292;R-HSA-450325;R-HSA-2262775;R-HSA-166362;R-HSA-937079;R-HSA-166363;R-HSA-166072;R-HSA-2262777
R-HSA-2022857,Keratan sulfate degradation,2,22,0.001448989,0.036810218,0.320637832,1,7,4.97E-04,9606,Homo sapiens,GLB1L,,R-HSA-1630306
R-HSA-2559582,Senescence-Associated Secretory Phenotype (SASP),4,91,0.005993545,0.036917363,0.320637832,7,22,0.001562722,9606,Homo sapiens,CXCL8;IL1B;FOS,,R-HSA-3790137;R-HSA-3788745;R-HSA-4568740;R-HSA-4568737;R-HSA-3797196;R-HSA-3857308;R-HSA-3797202
R-HSA-9660826,Purinergic signaling in leishmaniasis infection,3,54,0.003556609,0.03840312,0.320637832,4,23,0.001633755,9606,Homo sapiens,IL1B;MEFV,,R-HSA-449058;R-HSA-879221;R-HSA-448703;R-HSA-877361
R-HSA-9664424,Cell recruitment (pro-inflammatory response),3,54,0.003556609,0.03840312,0.320637832,4,23,0.001633755,9606,Homo sapiens,IL1B;MEFV,,R-HSA-449058;R-HSA-879221;R-HSA-448703;R-HSA-877361
R-HSA-168179,Toll Like Receptor TLR1:TLR2 Cascade,5,136,0.008957387,0.039710347,0.320637832,19,78,0.00554056,9606,Homo sapiens,S100P;FOS;S100A9;TLR4;S100A8,,R-HSA-166082;R-HSA-168166;R-HSA-2201316;R-HSA-166119;R-HSA-166091;R-HSA-2201322;R-HSA-166286;R-HSA-937059;R-HSA-166284;R-HSA-937022;R-HSA-2559414;R-HSA-450292;R-HSA-450325;R-HSA-2262775;R-HSA-166362;R-HSA-937079;R-HSA-166363;R-HSA-166072;R-HSA-2262777
R-HSA-181438,Toll Like Receptor 2 (TLR2) Cascade,5,136,0.008957387,0.039710347,0.320637832,19,80,0.005682625,9606,Homo sapiens,S100P;FOS;S100A9;TLR4;S100A8,,R-HSA-166082;R-HSA-168166;R-HSA-2201316;R-HSA-166119;R-HSA-166091;R-HSA-2201322;R-HSA-166286;R-HSA-937059;R-HSA-166284;R-HSA-937022;R-HSA-2559414;R-HSA-450292;R-HSA-450325;R-HSA-2262775;R-HSA-166362;R-HSA-937079;R-HSA-166363;R-HSA-166072;R-HSA-2262777
R-HSA-9657689,Defective SERPING1 causes hereditary angioedema,1,3,1.98E-04,0.040079729,0.320637832,3,3,2.13E-04,9606,Homo sapiens,SERPING1,,R-HSA-9651456;R-HSA-9651467;R-HSA-9650447
R-HSA-2243919,Crosslinking of collagen fibrils,2,24,0.001580715,0.043045242,0.344361937,2,13,9.23E-04,9606,Homo sapiens,COL4A4;PCOLCE,,R-HSA-2559639;R-HSA-2022141
R-HSA-9725371,Nuclear events stimulated by ALK signaling in cancer,2,27,0.001778305,0.053068008,0.394304661,1,9,6.39E-04,9606,Homo sapiens,BCL2A1,,R-HSA-9725338
R-HSA-2206308,MPS IV - Morquio syndrome B,1,4,2.63E-04,0.053081132,0.394304661,2,2,1.42E-04,9606,Homo sapiens,GLB1L,,R-HSA-9036061;R-HSA-2265534
R-HSA-3656535,TGFBR1 LBD Mutants in Cancer,1,4,2.63E-04,0.053081132,0.394304661,1,1,7.10E-05,9606,Homo sapiens,FPR1,,R-HSA-3656382
R-HSA-877300,Interferon gamma signaling,7,252,0.01659751,0.058866226,0.394304661,2,18,0.001278591,9606,Homo sapiens,FCGR1BP;OAS1;PTAFR;TRIM34,,R-HSA-1031716;R-HSA-1031713
R-HSA-9634638,Estrogen-dependent nuclear events downstream of ESR-membrane signaling,2,29,0.001910031,0.060162399,0.394304661,2,12,8.52E-04,9606,Homo sapiens,FOS,,R-HSA-9625479;R-HSA-9625465
R-HSA-5621480,Dectin-2 family,3,65,0.004281104,0.060214676,0.394304661,8,12,8.52E-04,9606,Homo sapiens,LYN;CLEC4D;CLEC4E,,R-HSA-5621366;R-HSA-5621347;R-HSA-5621363;R-HSA-5621356;R-HSA-5621353;R-HSA-5621355;R-HSA-5621370;R-HSA-5621354
R-HSA-3299685,Detoxification of Reactive Oxygen Species,3,68,0.004478693,0.066980646,0.394304661,1,34,0.002415116,9606,Homo sapiens,NCF1;NCF2;NCF4,,R-HSA-1222376
R-HSA-1296059,G protein gated Potassium channels,2,31,0.002041757,0.067560716,0.394304661,3,3,2.13E-04,9606,Homo sapiens,GABBR1;KCNJ15,,R-HSA-1013020;R-HSA-1013013;R-HSA-1013012
R-HSA-997272,Inhibition  of voltage gated Ca2+ channels via Gbeta/gamma subunits,2,31,0.002041757,0.067560716,0.394304661,3,3,2.13E-04,9606,Homo sapiens,GABBR1;KCNJ15,,R-HSA-1013020;R-HSA-1013013;R-HSA-1013012
R-HSA-1296041,Activation of G protein gated Potassium channels,2,31,0.002041757,0.067560716,0.394304661,3,3,2.13E-04,9606,Homo sapiens,GABBR1;KCNJ15,,R-HSA-1013020;R-HSA-1013013;R-HSA-1013012
R-HSA-166016,Toll Like Receptor 4 (TLR4) Cascade,5,165,0.010867418,0.076886387,0.394304661,43,107,0.007600511,9606,Homo sapiens,S100P;FOS;S100A9;TLR4;S100A8,,R-HSA-166082;R-HSA-2201316;R-HSA-2569057;R-HSA-166091;R-HSA-2562541;R-HSA-2201322;R-HSA-937029;R-HSA-166286;R-HSA-166284;R-HSA-2559414;R-HSA-168915;R-HSA-450325;R-HSA-2262775;R-HSA-5362500;R-HSA-936985;R-HSA-166362;R-HSA-166363;R-HSA-166168;R-HSA-166041;R-HSA-2262777;R-HSA-2201338;R-HSA-168921;R-HSA-166175;R-HSA-2562564;R-HSA-936941;R-HSA-168166;R-HSA-166119;R-HSA-166245;R-HSA-5362486;R-HSA-2201293;R-HSA-937059;R-HSA-937022;R-HSA-450358;R-HSA-450292;R-HSA-936952;R-HSA-2559568;R-HSA-2213017;R-HSA-937079;R-HSA-936951;R-HSA-166072;R-HSA-166271;R-HSA-937075;R-HSA-936947
R-HSA-5578996,Defective CYP27A1 causes CTX,1,6,3.95E-04,0.078560523,0.394304661,2,2,1.42E-04,9606,Homo sapiens,CYP27A1,,R-HSA-9035960;R-HSA-5602170
R-HSA-380994,ATF4 activates genes in response to endoplasmic reticulum  stress,2,34,0.002239347,0.079181693,0.394304661,1,7,4.97E-04,9606,Homo sapiens,CXCL8,,R-HSA-517731
R-HSA-5620971,Pyroptosis,2,34,0.002239347,0.079181693,0.394304661,1,23,0.001633755,9606,Homo sapiens,IL1B,,R-HSA-449058
R-HSA-5607764,CLEC7A (Dectin-1) signaling,4,120,0.007903576,0.083087978,0.394304661,6,45,0.003196477,9606,Homo sapiens,CLEC7A;IL1B,,R-HSA-5660663;R-HSA-5607750;R-HSA-5607745;R-HSA-5660622;R-HSA-5607758;R-HSA-5607738
R-HSA-9006934,Signaling by Receptor Tyrosine Kinases,13,621,0.040901008,0.084515351,0.394304661,49,746,0.052990482,9606,Homo sapiens,LYN;FOSL1;EGR1;EGR2;NCF1;NCF2;COL4A4;NCF4;FOS;TRIB1,,R-HSA-9613202;R-HSA-205319;R-HSA-9613207;R-HSA-1433488;R-HSA-1562641;R-HSA-9613210;R-HSA-9613213;R-HSA-205205;R-HSA-9621386;R-HSA-9621385;R-HSA-9031575;R-HSA-9621042;R-HSA-9620663;R-HSA-9621048;R-HSA-1470012;R-HSA-1470010;R-HSA-1470009;R-HSA-9613219;R-HSA-205234;R-HSA-205238;R-HSA-9613476;R-HSA-1433506;R-HSA-9621035;R-HSA-9621032;R-HSA-9612073;R-HSA-9612076;R-HSA-1433514;R-HSA-205244;R-HSA-9031624;R-HSA-1433428;R-HSA-5218827;R-HSA-9031616;R-HSA-9612483;R-HSA-1433542;R-HSA-5218841;R-HSA-9612493;R-HSA-1433418;R-HSA-9620723;R-HSA-382054;R-HSA-9612534;R-HSA-1433456;R-HSA-1472121;R-HSA-9612514;R-HSA-9612516;R-HSA-9616105;R-HSA-1433454;R-HSA-9616110;R-HSA-9616367;R-HSA-1433451
R-HSA-3656534,Loss of Function of TGFBR1 in Cancer,1,7,4.61E-04,0.091043182,0.394304661,1,2,1.42E-04,9606,Homo sapiens,FPR1,,R-HSA-3656382
R-HSA-420597,Nectin/Necl  trans heterodimerization,1,7,4.61E-04,0.091043182,0.394304661,1,8,5.68E-04,9606,Homo sapiens,PRR4,,R-HSA-420598
R-HSA-9020702,Interleukin-1 signaling,4,125,0.008232892,0.093014277,0.394304661,16,59,0.004190936,9606,Homo sapiens,IL1R2;IL1B;S100P,,R-HSA-507719;R-HSA-446694;R-HSA-446692;R-HSA-168166;R-HSA-446862;R-HSA-446894;R-HSA-446701;R-HSA-446634;R-HSA-446868;R-HSA-450133;R-HSA-446130;R-HSA-446684;R-HSA-445757;R-HSA-445752;R-HSA-446648;R-HSA-445753
R-HSA-1296065,Inwardly rectifying K+ channels,2,38,0.002502799,0.095548794,0.394304661,3,7,4.97E-04,9606,Homo sapiens,GABBR1;KCNJ15,,R-HSA-1013020;R-HSA-1013013;R-HSA-1013012
R-HSA-416476,G alpha (q) signalling events,7,284,0.018705131,0.095802332,0.394304661,7,35,0.002486149,9606,Homo sapiens,RGS18;RGS17;RGS2;PTAFR;PROK2;FFAR2;FPR2,,R-HSA-418582;R-HSA-8982025;R-HSA-8982026;R-HSA-749448;R-HSA-749452;R-HSA-8982017;R-HSA-379048
R-HSA-9619665,EGR2 and SOX10-mediated initiation of Schwann cell myelination,2,39,0.002568662,0.09978064,0.394304661,19,26,0.001846853,9606,Homo sapiens,EGR2,,R-HSA-9619667;R-HSA-9615638;R-HSA-9621399;R-HSA-9616116;R-HSA-9614773;R-HSA-9614778;R-HSA-9621400;R-HSA-9621406;R-HSA-9618559;R-HSA-9621404;R-HSA-9621410;R-HSA-9621411;R-HSA-9614787;R-HSA-9613760;R-HSA-9614790;R-HSA-9618725;R-HSA-9615626;R-HSA-9613768;R-HSA-9619657
R-HSA-4341670,Defective NEU1 causes sialidosis,1,8,5.27E-04,0.103357546,0.394304661,1,1,7.10E-05,9606,Homo sapiens,GLB1L,,R-HSA-4341669
R-HSA-75094,Formation of the Editosome,1,8,5.27E-04,0.103357546,0.394304661,1,2,1.42E-04,9606,Homo sapiens,APOBEC3A,,R-HSA-77609
R-HSA-1482788,Acyl chain remodelling of PC,2,40,0.002634525,0.104064031,0.394304661,3,9,6.39E-04,9606,Homo sapiens,LPCAT2;PLBD1,,R-HSA-1482533;R-HSA-1482547;R-HSA-1482856
R-HSA-9768919,NPAS4 regulates expression of target genes,2,41,0.002700389,0.108396811,0.394304661,2,36,0.002557181,9606,Homo sapiens,FOS,,R-HSA-9768950;R-HSA-9768945
R-HSA-1500931,Cell-Cell communication,4,134,0.00882566,0.112217952,0.394304661,14,60,0.004261969,9606,Homo sapiens,PRR4;SIRPA;SIRPB1,,R-HSA-210274;R-HSA-391168;R-HSA-419011;R-HSA-433711;R-HSA-391151;R-HSA-391150;R-HSA-420598;R-HSA-391157;R-HSA-391156;R-HSA-391158;R-HSA-391153;R-HSA-391152;R-HSA-391155;R-HSA-419003
R-HSA-381042,PERK regulates gene expression,2,42,0.002766252,0.112776873,0.394304661,1,11,7.81E-04,9606,Homo sapiens,CXCL8,,R-HSA-517731
R-HSA-9027283,Erythropoietin activates STAT5,1,9,5.93E-04,0.115505872,0.394304661,3,3,2.13E-04,9606,Homo sapiens,LYN,,R-HSA-9012651;R-HSA-9012650;R-HSA-9012654
R-HSA-3304351,Signaling by TGF-beta Receptor Complex in Cancer,1,9,5.93E-04,0.115505872,0.394304661,1,7,4.97E-04,9606,Homo sapiens,FPR1,,R-HSA-3656382
R-HSA-2024096,HS-GAG degradation,2,44,0.002897978,0.121670656,0.394304661,1,14,9.94E-04,9606,Homo sapiens,GLB1L,,R-HSA-2090079
R-HSA-2562578,TRIF-mediated programmed cell death,1,10,6.59E-04,0.127490389,0.394304661,3,3,2.13E-04,9606,Homo sapiens,TLR4,,R-HSA-2562564;R-HSA-2569057;R-HSA-2562541
R-HSA-162791,Attachment of GPI anchor to uPAR,1,10,6.59E-04,0.127490389,0.394304661,2,2,1.42E-04,9606,Homo sapiens,PLAUR,,R-HSA-162836;R-HSA-162729
R-HSA-72200,mRNA Editing: C to U Conversion,1,10,6.59E-04,0.127490389,0.394304661,2,3,2.13E-04,9606,Homo sapiens,APOBEC3A,,R-HSA-77609;R-HSA-83677
R-HSA-9013404,RAC2 GTPase cycle,3,92,0.006059409,0.131985284,0.394304661,1,10,7.10E-04,9606,Homo sapiens,NCF1;NCF2;NCF4,,R-HSA-9014424
R-HSA-162582,Signal Transduction,48,3023,0.199104261,0.13757111,0.394304661,142,2518,0.178860634,9606,Homo sapiens,RGS18;RGS17;CXCL8;NCF1;CCL3L1;NCF2;CCL4L2;PTAFR;NCF4;C5AR1;FPR1;CXCL1;FPR2;HCAR2;HCAR3;RGS2;CXCR1;BASP1;CHN1;CXCR2;PROK2;FFAR2;ARHGEF40;LYN;EGR1;EGR2;GABBR1;CCL20;FOS;FOSL1;DHRS9;COL4A4;TFF3;TRIB1;S100A9;S100A8,,R-HSA-9613202;R-HSA-205319;R-HSA-9613207;R-HSA-1562641;R-HSA-3296309;R-HSA-5362518;R-HSA-9613210;R-HSA-9018497;R-HSA-9018499;R-HSA-444171;R-HSA-8981892;R-HSA-9613213;R-HSA-418582;R-HSA-9013145;R-HSA-392212;R-HSA-9014424;R-HSA-9013144;R-HSA-419351;R-HSA-444691;R-HSA-9625479;R-HSA-9621386;R-HSA-373791;R-HSA-9709454;R-HSA-9621385;R-HSA-9031575;R-HSA-9013161;R-HSA-9012651;R-HSA-9012650;R-HSA-9620663;R-HSA-9012654;R-HSA-5668735;R-HSA-1470012;R-HSA-1470010;R-HSA-5668731;R-HSA-1470009;R-HSA-373813;R-HSA-9018808;R-HSA-9613219;R-HSA-9021627;R-HSA-9613476;R-HSA-9012657;R-HSA-165692;R-HSA-9027273;R-HSA-9031624;R-HSA-1433428;R-HSA-9027272;R-HSA-9626832;R-HSA-9027275;R-HSA-5668629;R-HSA-9027274;R-HSA-5218827;R-HSA-8944078;R-HSA-9031616;R-HSA-9612483;R-HSA-9009371;R-HSA-9626816;R-HSA-9626817;R-HSA-165718;R-HSA-443986;R-HSA-5218841;R-HSA-9693125;R-HSA-420688;R-HSA-9679044;R-HSA-419166;R-HSA-9027281;R-HSA-9027280;R-HSA-8980691;R-HSA-373087;R-HSA-9024723;R-HSA-170846;R-HSA-9612493;R-HSA-1433418;R-HSA-9024726;R-HSA-8944104;R-HSA-9620723;R-HSA-382054;R-HSA-9612534;R-HSA-1433456;R-HSA-375395;R-HSA-444527;R-HSA-9009378;R-HSA-1472121;R-HSA-9612514;R-HSA-9626848;R-HSA-8982012;R-HSA-9006332;R-HSA-9612516;R-HSA-9006323;R-HSA-9616105;R-HSA-1433454;R-HSA-9616110;R-HSA-9006325;R-HSA-9616367;R-HSA-1433451;R-HSA-8982025;R-HSA-8982026;R-HSA-749448;R-HSA-749454;R-HSA-1433488;R-HSA-749452;R-HSA-8982017;R-HSA-8982019;R-HSA-8982018;R-HSA-8982021;R-HSA-8982020;R-HSA-9626880;R-HSA-9029149;R-HSA-205205;R-HSA-9029151;R-HSA-9032478;R-HSA-9029150;R-HSA-749456;R-HSA-9621042;R-HSA-9027373;R-HSA-9621048;R-HSA-9029155;R-HSA-5668605;R-HSA-380073;R-HSA-379048;R-HSA-9029158;R-HSA-205234;R-HSA-205238;R-HSA-1433506;R-HSA-9621035;R-HSA-9621032;R-HSA-9612073;R-HSA-9612076;R-HSA-1433514;R-HSA-205244;R-HSA-392133;R-HSA-964811;R-HSA-2134506;R-HSA-1433542;R-HSA-2134519;R-HSA-9027425;R-HSA-9625465;R-HSA-205039;R-HSA-391913;R-HSA-374251;R-HSA-444661;R-HSA-9018494;R-HSA-9013109
R-HSA-2559583,Cellular Senescence,5,200,0.013172627,0.1398181,0.394304661,12,90,0.006392954,9606,Homo sapiens,H1-5;CXCL8;IL1B;FOS,,R-HSA-3790137;R-HSA-3788745;R-HSA-4568740;R-HSA-450292;R-HSA-450325;R-HSA-3222546;R-HSA-4568737;R-HSA-3222533;R-HSA-3797196;R-HSA-3857308;R-HSA-3797202;R-HSA-4647594
R-HSA-168898,Toll-like Receptor Cascades,5,202,0.013304354,0.143952314,0.394304661,49,198,0.014064498,9606,Homo sapiens,S100P;FOS;S100A9;TLR4;S100A8,,R-HSA-166286;R-HSA-166284;R-HSA-2559414;R-HSA-8870678;R-HSA-450325;R-HSA-5362500;R-HSA-936985;R-HSA-166168;R-HSA-166041;R-HSA-166175;R-HSA-2562564;R-HSA-8869667;R-HSA-5432825;R-HSA-937022;R-HSA-450358;R-HSA-2213017;R-HSA-166072;R-HSA-166082;R-HSA-5432849;R-HSA-2201316;R-HSA-5432852;R-HSA-2569057;R-HSA-166091;R-HSA-2562541;R-HSA-2201322;R-HSA-937029;R-HSA-6805943;R-HSA-168915;R-HSA-2262775;R-HSA-166362;R-HSA-166363;R-HSA-2262777;R-HSA-2201338;R-HSA-168921;R-HSA-936941;R-HSA-168166;R-HSA-166119;R-HSA-166245;R-HSA-5362486;R-HSA-2201293;R-HSA-937059;R-HSA-450292;R-HSA-936952;R-HSA-2559568;R-HSA-937079;R-HSA-936951;R-HSA-166271;R-HSA-937075;R-HSA-936947
R-HSA-977444,GABA B receptor activation,2,50,0.003293157,0.14928202,0.394304661,4,9,6.39E-04,9606,Homo sapiens,GABBR1;KCNJ15,,R-HSA-1013020;R-HSA-420688;R-HSA-1013013;R-HSA-1013012
R-HSA-991365,Activation of GABAB receptors,2,50,0.003293157,0.14928202,0.394304661,3,8,5.68E-04,9606,Homo sapiens,GABBR1;KCNJ15,,R-HSA-1013020;R-HSA-1013013;R-HSA-1013012
R-HSA-2025928,Calcineurin activates NFAT,1,12,7.90E-04,0.150976758,0.394304661,2,3,2.13E-04,9606,Homo sapiens,FPR1,,R-HSA-2025882;R-HSA-9690461
R-HSA-450341,Activation of the AP-1 family of transcription factors,1,12,7.90E-04,0.150976758,0.394304661,2,5,3.55E-04,9606,Homo sapiens,FOS,,R-HSA-450292;R-HSA-450325
R-HSA-2855086,Ficolins bind to repetitive carbohydrate structures on the target cell surface,1,12,7.90E-04,0.150976758,0.394304661,1,3,2.13E-04,9606,Homo sapiens,FCN1,,R-HSA-2855125
R-HSA-75072,mRNA Editing,1,12,7.90E-04,0.150976758,0.394304661,2,9,6.39E-04,9606,Homo sapiens,APOBEC3A,,R-HSA-77609;R-HSA-83677
R-HSA-9013423,RAC3 GTPase cycle,3,100,0.006586314,0.157218437,0.394304661,1,6,4.26E-04,9606,Homo sapiens,NCF1;NCF2;NCF4,,R-HSA-9018808
R-HSA-9027277,Erythropoietin activates Phospholipase C gamma (PLCG),1,13,8.56E-04,0.162482919,0.394304661,3,3,2.13E-04,9606,Homo sapiens,LYN,,R-HSA-9027373;R-HSA-9032478;R-HSA-9027425
R-HSA-2468052,Establishment of Sister Chromatid Cohesion,1,13,8.56E-04,0.162482919,0.394304661,2,4,2.84E-04,9606,Homo sapiens,ESCO2,,R-HSA-2468039;R-HSA-2473152
R-HSA-6803544,Ion influx/efflux at host-pathogen interface,1,13,8.56E-04,0.162482919,0.394304661,1,2,1.42E-04,9606,Homo sapiens,SLC11A1,,R-HSA-435171
R-HSA-140342,Apoptosis induced DNA fragmentation,1,13,8.56E-04,0.162482919,0.394304661,2,12,8.52E-04,9606,Homo sapiens,H1-5,,R-HSA-211239;R-HSA-211247
R-HSA-1236978,Cross-presentation of soluble exogenous antigens (endosomes),2,53,0.003490746,0.163521525,0.394304661,4,6,4.26E-04,9606,Homo sapiens,FCGR1BP;CLEC4E,,R-HSA-1236939;R-HSA-1236955;R-HSA-1236940;R-HSA-1236941
R-HSA-2172127,DAP12 interactions,2,53,0.003490746,0.163521525,0.394304661,2,33,0.002344083,9606,Homo sapiens,TREM1;SIRPB1,,R-HSA-210274;R-HSA-210292
R-HSA-166658,Complement cascade,4,156,0.010274649,0.165595455,0.394304661,9,72,0.005114363,9606,Homo sapiens,FCN1;C5AR1;SERPING1,,R-HSA-9021306;R-HSA-166753;R-HSA-166726;R-HSA-964811;R-HSA-8852481;R-HSA-375395;R-HSA-166792;R-HSA-8852266;R-HSA-2855125
R-HSA-1483191,Synthesis of PC,2,55,0.003622473,0.173144567,0.394304661,2,18,0.001278591,9606,Homo sapiens,PHOSPHO1;SLC44A4,,R-HSA-1483159;R-HSA-444433
R-HSA-75205,Dissolution of Fibrin Clot,1,14,9.22E-04,0.173833889,0.394304661,6,21,0.001491689,9606,Homo sapiens,PLAUR,,R-HSA-158982;R-HSA-159001;R-HSA-158942;R-HSA-158959;R-HSA-159005;R-HSA-158925
R-HSA-210990,PECAM1 interactions,1,14,9.22E-04,0.173833889,0.394304661,1,7,4.97E-04,9606,Homo sapiens,LYN,,R-HSA-210291
R-HSA-166662,Lectin pathway of complement activation,1,15,9.88E-04,0.185031751,0.394304661,2,6,4.26E-04,9606,Homo sapiens,FCN1,,R-HSA-166726;R-HSA-2855125
R-HSA-2214320,Anchoring fibril formation,1,15,9.88E-04,0.185031751,0.394304661,1,4,2.84E-04,9606,Homo sapiens,COL4A4,,R-HSA-2396234
R-HSA-8983711,OAS antiviral response,1,15,9.88E-04,0.185031751,0.394304661,3,15,0.001065492,9606,Homo sapiens,OAS1,,R-HSA-8983688;R-HSA-8983680;R-HSA-8983671
R-HSA-381340,Transcriptional regulation of white adipocyte differentiation,3,109,0.007179082,0.187199842,0.394304661,5,19,0.001349624,9606,Homo sapiens,EGR2;CEBPD,,R-HSA-381377;R-HSA-381283;R-HSA-977271;R-HSA-381337;R-HSA-977392
R-HSA-9027276,Erythropoietin activates Phosphoinositide-3-kinase (PI3K),1,16,0.00105381,0.196078561,0.394304661,7,7,4.97E-04,9606,Homo sapiens,LYN,,R-HSA-9027273;R-HSA-9027272;R-HSA-9021627;R-HSA-9027275;R-HSA-9027281;R-HSA-9012657;R-HSA-9027280
R-HSA-879415,Advanced glycosylation endproduct receptor signaling,1,16,0.00105381,0.196078561,0.394304661,2,4,2.84E-04,9606,Homo sapiens,S100P,,R-HSA-879411;R-HSA-879362
R-HSA-75892,Platelet Adhesion to exposed collagen,1,16,0.00105381,0.196078561,0.394304661,2,6,4.26E-04,9606,Homo sapiens,LYN,,R-HSA-114577;R-HSA-432295
R-HSA-9634815,Transcriptional Regulation by NPAS4,2,60,0.003951788,0.197568744,0.394304661,2,47,0.003338542,9606,Homo sapiens,FOS,,R-HSA-9768950;R-HSA-9768945
R-HSA-2559584,Formation of Senescence-Associated Heterochromatin Foci (SAHF),1,17,0.001119673,0.206976345,0.394304661,1,2,1.42E-04,9606,Homo sapiens,H1-5,,R-HSA-4647594
R-HSA-5676594,TNF receptor superfamily (TNFSF) members mediating non-canonical NF-kB pathway,1,17,0.001119673,0.206976345,0.394304661,3,12,8.52E-04,9606,Homo sapiens,LTBR,,R-HSA-5668789;R-HSA-5676593;R-HSA-5676591
R-HSA-1475029,Reversible hydration of carbon dioxide,1,17,0.001119673,0.206976345,0.394304661,2,8,5.68E-04,9606,Homo sapiens,CA14,,R-HSA-1475025;R-HSA-1475017
R-HSA-6788467,IL-6-type cytokine receptor ligand interactions,1,17,0.001119673,0.206976345,0.394304661,2,14,9.94E-04,9606,Homo sapiens,OSM,,R-HSA-6783524;R-HSA-6783552
R-HSA-163125,Post-translational modification: synthesis of GPI-anchored proteins,3,115,0.007574261,0.207949796,0.394304661,3,16,0.001136525,9606,Homo sapiens,BST1;FCGR3B;PLAUR,,R-HSA-162836;R-HSA-162729;R-HSA-8940388
R-HSA-983169,Class I MHC mediated antigen processing & presentation,9,479,0.031548442,0.209219421,0.394304661,10,48,0.003409575,9606,Homo sapiens,FCGR1BP;NCF1;NCF2;HECW2;NCF4;CLEC4E;S100A9;TLR4;S100A8,,R-HSA-8863895;R-HSA-983147;R-HSA-1236967;R-HSA-1236939;R-HSA-1236955;R-HSA-983157;R-HSA-983156;R-HSA-983140;R-HSA-1236940;R-HSA-1236941
R-HSA-975138,TRAF6 mediated induction of NFkB and MAP kinases upon TLR7/8 or 9 activation,3,116,0.007640124,0.211458172,0.394304661,4,60,0.004261969,9606,Homo sapiens,S100P;FOS;TLR4,,R-HSA-450358;R-HSA-450292;R-HSA-450325;R-HSA-168166
R-HSA-975155,MyD88 dependent cascade initiated on endosome,3,117,0.007705987,0.214979561,0.394304661,4,75,0.005327461,9606,Homo sapiens,S100P;FOS;TLR4,,R-HSA-450358;R-HSA-450292;R-HSA-450325;R-HSA-168166
R-HSA-399956,CRMPs in Sema3A signaling,1,18,0.001185536,0.217727106,0.394304661,5,5,3.55E-04,9606,Homo sapiens,PLXNA2,,R-HSA-399951;R-HSA-399946;R-HSA-399947;R-HSA-399931;R-HSA-399944
R-HSA-1433559,Regulation of KIT signaling,1,18,0.001185536,0.217727106,0.394304661,3,8,5.68E-04,9606,Homo sapiens,LYN,,R-HSA-205319;R-HSA-1433506;R-HSA-205244
R-HSA-1483115,Hydrolysis of LPC,1,18,0.001185536,0.217727106,0.394304661,2,6,4.26E-04,9606,Homo sapiens,PLBD1,,R-HSA-1482612;R-HSA-1482685
R-HSA-418457,cGMP effects,1,18,0.001185536,0.217727106,0.394304661,1,4,2.84E-04,9606,Homo sapiens,IRAG1,,R-HSA-418442
R-HSA-975163,IRAK2 mediated activation of TAK1 complex upon TLR7/8 or 9 stimulation,1,18,0.001185536,0.217727106,0.394304661,1,5,3.55E-04,9606,Homo sapiens,TLR4,,R-HSA-450358
R-HSA-168181,Toll Like Receptor 7/8 (TLR7/8) Cascade,3,118,0.00777185,0.218513486,0.394304661,4,79,0.005611593,9606,Homo sapiens,S100P;FOS;TLR4,,R-HSA-450358;R-HSA-450292;R-HSA-450325;R-HSA-168166
R-HSA-9725370,Signaling by ALK fusions and activated point mutants,2,66,0.004346967,0.227372,0.394304661,1,29,0.002059952,9606,Homo sapiens,BCL2A1,,R-HSA-9725338
R-HSA-9700206,Signaling by ALK in cancer,2,66,0.004346967,0.227372,0.394304661,1,37,0.002628214,9606,Homo sapiens,BCL2A1,,R-HSA-9725338
R-HSA-9027284,Erythropoietin activates RAS,1,19,0.0012514,0.228332817,0.394304661,8,8,5.68E-04,9606,Homo sapiens,LYN,,R-HSA-9027274;R-HSA-9029149;R-HSA-9029151;R-HSA-9029150;R-HSA-9029155;R-HSA-9024723;R-HSA-9029158;R-HSA-9024726
R-HSA-937072,TRAF6-mediated induction of TAK1 complex within TLR4 complex,1,19,0.0012514,0.228332817,0.394304661,6,6,4.26E-04,9606,Homo sapiens,TLR4,,R-HSA-450358;R-HSA-936952;R-HSA-936985;R-HSA-936951;R-HSA-937075;R-HSA-936947
R-HSA-399954,Sema3A PAK dependent Axon repulsion,1,19,0.0012514,0.228332817,0.394304661,3,6,4.26E-04,9606,Homo sapiens,PLXNA2,,R-HSA-399939;R-HSA-399952;R-HSA-399930
R-HSA-2173791,TGF-beta receptor signaling in EMT (epithelial to mesenchymal transition),1,19,0.0012514,0.228332817,0.394304661,2,6,4.26E-04,9606,Homo sapiens,FPR1,,R-HSA-2134519;R-HSA-2134506
R-HSA-416700,Other semaphorin interactions,1,19,0.0012514,0.228332817,0.394304661,1,9,6.39E-04,9606,Homo sapiens,PLXNA2,,R-HSA-416723
R-HSA-166166,MyD88-independent TLR4 cascade ,3,121,0.00796944,0.229185775,0.394304661,24,72,0.005114363,9606,Homo sapiens,S100P;FOS;TLR4,,R-HSA-2562564;R-HSA-936941;R-HSA-168166;R-HSA-2569057;R-HSA-166245;R-HSA-5362486;R-HSA-2562541;R-HSA-937029;R-HSA-450358;R-HSA-168915;R-HSA-450292;R-HSA-450325;R-HSA-5362500;R-HSA-936952;R-HSA-936985;R-HSA-2559568;R-HSA-2213017;R-HSA-936951;R-HSA-2201338;R-HSA-168921;R-HSA-166175;R-HSA-166271;R-HSA-937075;R-HSA-936947
R-HSA-937061,TRIF(TICAM1)-mediated TLR4 signaling ,3,121,0.00796944,0.229185775,0.394304661,22,70,0.004972297,9606,Homo sapiens,S100P;FOS;TLR4,,R-HSA-2562564;R-HSA-936941;R-HSA-168166;R-HSA-2569057;R-HSA-166245;R-HSA-5362486;R-HSA-2562541;R-HSA-937029;R-HSA-450358;R-HSA-168915;R-HSA-450292;R-HSA-450325;R-HSA-5362500;R-HSA-936952;R-HSA-936985;R-HSA-2213017;R-HSA-936951;R-HSA-2201338;R-HSA-168921;R-HSA-166271;R-HSA-937075;R-HSA-936947
R-HSA-168138,Toll Like Receptor 9 (TLR9) Cascade,3,121,0.00796944,0.229185775,0.394304661,4,80,0.005682625,9606,Homo sapiens,S100P;FOS;TLR4,,R-HSA-450358;R-HSA-450292;R-HSA-450325;R-HSA-168166
R-HSA-2022090,Assembly of collagen fibrils and other multimeric structures,2,67,0.00441283,0.232373952,0.394304661,4,26,0.001846853,9606,Homo sapiens,COL4A4;PCOLCE,,R-HSA-2559639;R-HSA-2022141;R-HSA-2213207;R-HSA-2396234
R-HSA-977443,GABA receptor activation,2,68,0.004478693,0.237382732,0.394304661,4,12,8.52E-04,9606,Homo sapiens,GABBR1;KCNJ15,,R-HSA-1013020;R-HSA-420688;R-HSA-1013013;R-HSA-1013012
R-HSA-936964,Activation of IRF3/IRF7 mediated by TBK1/IKK epsilon,1,20,0.001317263,0.238795425,0.394304661,7,9,6.39E-04,9606,Homo sapiens,TLR4,,R-HSA-936941;R-HSA-5362500;R-HSA-166245;R-HSA-5362486;R-HSA-2213017;R-HSA-2201338;R-HSA-166271
R-HSA-399955,SEMA3A-Plexin repulsion signaling by inhibiting Integrin adhesion,1,20,0.001317263,0.238795425,0.394304661,6,8,5.68E-04,9606,Homo sapiens,PLXNA2,,R-HSA-399942;R-HSA-399941;R-HSA-399934;R-HSA-399935;R-HSA-399933;R-HSA-399928
R-HSA-399997,Acetylcholine regulates insulin secretion,1,20,0.001317263,0.238795425,0.394304661,1,7,4.97E-04,9606,Homo sapiens,MARCKS,,R-HSA-399978
R-HSA-140534,Caspase activation via Death Receptors in the presence of ligand,1,20,0.001317263,0.238795425,0.394304661,1,9,6.39E-04,9606,Homo sapiens,TLR4,,R-HSA-2562564
R-HSA-446652,Interleukin-1 family signaling,4,183,0.012052954,0.240688395,0.394304661,18,92,0.006535019,9606,Homo sapiens,IL1R2;IL1B;S100P,,R-HSA-507719;R-HSA-446694;R-HSA-446692;R-HSA-449058;R-HSA-168166;R-HSA-446862;R-HSA-446894;R-HSA-446701;R-HSA-446634;R-HSA-446868;R-HSA-450133;R-HSA-446130;R-HSA-448703;R-HSA-446684;R-HSA-445757;R-HSA-445752;R-HSA-446648;R-HSA-445753
R-HSA-8956321,Nucleotide salvage,2,69,0.004544556,0.242397244,0.394304661,2,22,0.001562722,9606,Homo sapiens,CDA;GMPR,,R-HSA-73608;R-HSA-514604
R-HSA-9671793,Diseases of hemostasis,1,21,0.001383126,0.249116853,0.394304661,3,18,0.001278591,9606,Homo sapiens,SERPING1,,R-HSA-9651456;R-HSA-9651467;R-HSA-9650447
R-HSA-9651496,Defects of contact activation system (CAS) and kallikrein/kinin system (KKS),1,21,0.001383126,0.249116853,0.394304661,3,18,0.001278591,9606,Homo sapiens,SERPING1,,R-HSA-9651456;R-HSA-9651467;R-HSA-9650447
R-HSA-9616222,Transcriptional regulation of granulopoiesis,2,71,0.004676283,0.252439218,0.394304661,7,27,0.001917886,9606,Homo sapiens,SPI1,,R-HSA-9616243;R-HSA-9634433;R-HSA-9616214;R-HSA-9617207;R-HSA-8865505;R-HSA-9617064;R-HSA-9634429
R-HSA-4420097,VEGFA-VEGFR2 Pathway,3,129,0.008496345,0.258081614,0.394304661,2,79,0.005611593,9606,Homo sapiens,NCF1;NCF2;NCF4,,R-HSA-5218827;R-HSA-5218841
R-HSA-2142770,Synthesis of 15-eicosatetraenoic acid derivatives,1,22,0.001448989,0.259298996,0.394304661,1,4,2.84E-04,9606,Homo sapiens,PTGS2,,R-HSA-2161951
R-HSA-5218859,Regulated Necrosis,2,73,0.004808009,0.262491662,0.394304661,1,48,0.003409575,9606,Homo sapiens,IL1B,,R-HSA-449058
R-HSA-9013149,RAC1 GTPase cycle,4,191,0.012579859,0.264324893,0.394304661,2,6,4.26E-04,9606,Homo sapiens,NCF1;NCF2;CHN1;NCF4,,R-HSA-9013145;R-HSA-9013144
R-HSA-202733,Cell surface interactions at the vascular wall,5,257,0.016926826,0.274474086,0.394304661,5,65,0.004617133,9606,Homo sapiens,LYN;CEACAM3;SIRPA;TREM1;SIRPB1,,R-HSA-210291;R-HSA-114577;R-HSA-203156;R-HSA-8867135;R-HSA-202703
R-HSA-1650814,Collagen biosynthesis and modifying enzymes,2,76,0.005005598,0.277573024,0.394304661,20,51,0.003622674,9606,Homo sapiens,COL4A4;PCOLCE,,R-HSA-8948232;R-HSA-1650808;R-HSA-8944265;R-HSA-2002460;R-HSA-8948234;R-HSA-2022073;R-HSA-8948224;R-HSA-8948226;R-HSA-2089971;R-HSA-8948228;R-HSA-1981104;R-HSA-8948230;R-HSA-8948231;R-HSA-8948219;R-HSA-2002440;R-HSA-1981128;R-HSA-8948222;R-HSA-1980233;R-HSA-1981157;R-HSA-1981120
R-HSA-937041,IKK complex recruitment mediated by RIP1,1,24,0.001580715,0.279252885,0.394304661,3,3,2.13E-04,9606,Homo sapiens,TLR4,,R-HSA-168915;R-HSA-937029;R-HSA-168921
R-HSA-912631,Regulation of signaling by CBL,1,24,0.001580715,0.279252885,0.394304661,3,7,4.97E-04,9606,Homo sapiens,LYN,,R-HSA-879917;R-HSA-912629;R-HSA-912627
R-HSA-844456,The NLRP3 inflammasome,1,24,0.001580715,0.279252885,0.394304661,2,18,0.001278591,9606,Homo sapiens,MEFV,,R-HSA-879221;R-HSA-877361
R-HSA-389513,CTLA4 inhibitory signaling,1,25,0.001646578,0.289028298,0.394304661,2,5,3.55E-04,9606,Homo sapiens,LYN,,R-HSA-388833;R-HSA-388829
R-HSA-70221,Glycogen breakdown (glycogenolysis),1,25,0.001646578,0.289028298,0.394304661,3,15,0.001065492,9606,Homo sapiens,PYGL,,R-HSA-71588;R-HSA-71590;R-HSA-453339
R-HSA-1482922,Acyl chain remodelling of PI,1,25,0.001646578,0.289028298,0.394304661,1,6,4.26E-04,9606,Homo sapiens,PLBD1,,R-HSA-1482825
R-HSA-6809371,Formation of the cornified envelope,3,138,0.009089113,0.291125006,0.394304661,8,27,0.001917886,9606,Homo sapiens,CSTA;KRT17;KRT23,,R-HSA-6810357;R-HSA-6811539;R-HSA-6814387;R-HSA-8942224;R-HSA-6814734;R-HSA-6814764;R-HSA-6814298;R-HSA-6810937
R-HSA-977606,Regulation of Complement cascade,3,139,0.009154976,0.294819035,0.394304661,5,42,0.002983378,9606,Homo sapiens,C5AR1;SERPING1,,R-HSA-9021306;R-HSA-964811;R-HSA-8852481;R-HSA-375395;R-HSA-8852266
R-HSA-194138,Signaling by VEGF,3,140,0.009220839,0.298516125,0.394304661,2,86,0.006108822,9606,Homo sapiens,NCF1;NCF2;NCF4,,R-HSA-5218827;R-HSA-5218841
R-HSA-140837,Intrinsic Pathway of Fibrin Clot Formation,1,26,0.001712442,0.29867176,0.394304661,3,24,0.001704788,9606,Homo sapiens,SERPING1,,R-HSA-158357;R-HSA-9650473;R-HSA-158399
R-HSA-9705462,Inactivation of CSF3 (G-CSF) signaling,1,27,0.001778305,0.308185043,0.394304661,5,9,6.39E-04,9606,Homo sapiens,LYN,,R-HSA-9705729;R-HSA-9705726;R-HSA-9707977;R-HSA-9705738;R-HSA-9705467
R-HSA-5633008,TP53 Regulates Transcription of Cell Death Genes,2,83,0.00546664,0.31265216,0.394304661,2,68,0.004830232,9606,Homo sapiens,TNFRSF10C,,R-HSA-5633414;R-HSA-5633441
R-HSA-9670439,"Signaling by phosphorylated juxtamembrane, extracellular and kinase domain KIT mutants",1,28,0.001844168,0.317569897,0.394304661,7,11,7.81E-04,9606,Homo sapiens,LYN,,R-HSA-9670418;R-HSA-9670417;R-HSA-9670416;R-HSA-9670426;R-HSA-9670414;R-HSA-9670413;R-HSA-9670412
R-HSA-166208,mTORC1-mediated signalling,1,28,0.001844168,0.317569897,0.394304661,3,8,5.68E-04,9606,Homo sapiens,FPR1,,R-HSA-165718;R-HSA-9679044;R-HSA-165692
R-HSA-9669938,Signaling by KIT in disease,1,28,0.001844168,0.317569897,0.394304661,7,26,0.001846853,9606,Homo sapiens,LYN,,R-HSA-9670418;R-HSA-9670417;R-HSA-9670416;R-HSA-9670426;R-HSA-9670414;R-HSA-9670413;R-HSA-9670412
R-HSA-196807,Nicotinate metabolism,2,84,0.005532503,0.317639007,0.394304661,2,29,0.002059952,9606,Homo sapiens,BST1;PTGS2,,R-HSA-8870346;R-HSA-2309773
R-HSA-211935,Fatty acids,1,29,0.001910031,0.326828047,0.394304661,1,4,2.84E-04,9606,Homo sapiens,CYP2F1,,R-HSA-211983
R-HSA-9027604,Biosynthesis of electrophilic œâ-3 PUFA oxo-derivatives,1,29,0.001910031,0.326828047,0.394304661,4,20,0.001420656,9606,Homo sapiens,PTGS2,,R-HSA-9027627;R-HSA-9027532;R-HSA-9028255;R-HSA-9027607
R-HSA-444209,Free fatty acid receptors,1,29,0.001910031,0.326828047,0.394304661,1,5,3.55E-04,9606,Homo sapiens,FFAR2,,R-HSA-444171
R-HSA-982772,Growth hormone receptor signaling,1,29,0.001910031,0.326828047,0.394304661,2,28,0.001988919,9606,Homo sapiens,LYN,,R-HSA-1168456;R-HSA-1168459
R-HSA-1660662,Glycosphingolipid metabolism,2,86,0.00566423,0.327587021,0.394304661,3,32,0.00227305,9606,Homo sapiens,GLB1L,,R-HSA-1605624;R-HSA-1606312;R-HSA-1605724
R-HSA-1638091,Heparan sulfate/heparin (HS-GAG) metabolism,2,87,0.005730093,0.332546835,0.394304661,1,33,0.002344083,9606,Homo sapiens,GLB1L,,R-HSA-2090079
R-HSA-211999,CYP2E1 reactions,1,30,0.001975894,0.335961195,0.394304661,6,6,4.26E-04,9606,Homo sapiens,CYP2F1,,R-HSA-76416;R-HSA-76354;R-HSA-76434;R-HSA-76475;R-HSA-76397;R-HSA-143468
R-HSA-933542,TRAF6 mediated NF-kB activation,1,30,0.001975894,0.335961195,0.394304661,1,4,2.84E-04,9606,Homo sapiens,S100P,,R-HSA-168166
R-HSA-5621575,CD209 (DC-SIGN) signaling,1,30,0.001975894,0.335961195,0.394304661,1,11,7.81E-04,9606,Homo sapiens,LYN,,R-HSA-5624486
R-HSA-6783589,Interleukin-6 family signaling,1,30,0.001975894,0.335961195,0.394304661,2,34,0.002415116,9606,Homo sapiens,OSM,,R-HSA-6783524;R-HSA-6783552
R-HSA-977225,Amyloid fiber formation,2,89,0.005861819,0.34243484,0.394304661,2,33,0.002344083,9606,Homo sapiens,CST3;LYZ,,R-HSA-976734;R-HSA-977136
R-HSA-3000157,Laminin interactions,1,31,0.002041757,0.344971022,0.394304661,3,15,0.001065492,9606,Homo sapiens,COL4A4,,R-HSA-2328145;R-HSA-2426450;R-HSA-4084501
R-HSA-9025094,Biosynthesis of DPAn-3 SPMs,1,31,0.002041757,0.344971022,0.394304661,1,18,0.001278591,9606,Homo sapiens,PTGS2,,R-HSA-9026408
R-HSA-9018519,Estrogen-dependent gene expression,3,154,0.010142923,0.350391791,0.394304661,5,66,0.004688166,9606,Homo sapiens,TFF3;FOS,,R-HSA-9009371;R-HSA-9018494;R-HSA-9018497;R-HSA-9018499;R-HSA-9009378
R-HSA-70635,Urea cycle,1,32,0.00210762,0.353859183,0.394304661,1,8,5.68E-04,9606,Homo sapiens,ARG1,,R-HSA-70569
R-HSA-5357769,Caspase activation via extrinsic apoptotic signalling pathway,1,32,0.00210762,0.353859183,0.394304661,1,17,0.001207558,9606,Homo sapiens,TLR4,,R-HSA-2562564
R-HSA-1483206,Glycerophospholipid biosynthesis,4,221,0.014555753,0.355707292,0.394304661,10,133,0.009447365,9606,Homo sapiens,PHOSPHO1;SLC44A4;LPCAT2;PLBD1,,R-HSA-1483159;R-HSA-1482884;R-HSA-1482612;R-HSA-1482533;R-HSA-1482547;R-HSA-444433;R-HSA-1482685;R-HSA-1482856;R-HSA-1483096;R-HSA-1482825
R-HSA-3928663,EPHA-mediated growth cone collapse,1,33,0.002173484,0.362627315,0.394304661,3,4,2.84E-04,9606,Homo sapiens,LYN,,R-HSA-3928651;R-HSA-3928602;R-HSA-3928648
R-HSA-1483213,Synthesis of PE,1,33,0.002173484,0.362627315,0.394304661,1,9,6.39E-04,9606,Homo sapiens,PHOSPHO1,,R-HSA-1483096
R-HSA-9018679,Biosynthesis of EPA-derived SPMs,1,33,0.002173484,0.362627315,0.394304661,1,17,0.001207558,9606,Homo sapiens,PTGS2,,R-HSA-9018880
R-HSA-425410,Metal ion SLC transporters,1,33,0.002173484,0.362627315,0.394304661,1,20,0.001420656,9606,Homo sapiens,SLC11A1,,R-HSA-435171
R-HSA-73614,Pyrimidine salvage,1,34,0.002239347,0.37127703,0.394304661,1,10,7.10E-04,9606,Homo sapiens,CDA,,R-HSA-73608
R-HSA-622312,Inflammasomes,1,34,0.002239347,0.37127703,0.394304661,2,28,0.001988919,9606,Homo sapiens,MEFV,,R-HSA-879221;R-HSA-877361
R-HSA-9006335,Signaling by Erythropoietin,1,35,0.00230521,0.379809921,0.394304661,25,25,0.00177582,9606,Homo sapiens,LYN,,R-HSA-9027273;R-HSA-9027272;R-HSA-9027275;R-HSA-9027274;R-HSA-9029149;R-HSA-9029151;R-HSA-9032478;R-HSA-9029150;R-HSA-9027281;R-HSA-9027280;R-HSA-9024723;R-HSA-9709454;R-HSA-9024726;R-HSA-9012651;R-HSA-9012650;R-HSA-9027373;R-HSA-9012654;R-HSA-9027425;R-HSA-9029155;R-HSA-9029158;R-HSA-9021627;R-HSA-9006332;R-HSA-9012657;R-HSA-9006323;R-HSA-9006325
R-HSA-9674555,Signaling by CSF3 (G-CSF),1,35,0.00230521,0.379809921,0.394304661,15,21,0.001491689,9606,Homo sapiens,LYN,,R-HSA-9674546;R-HSA-9677585;R-HSA-9705726;R-HSA-9674808;R-HSA-9674558;R-HSA-9705467;R-HSA-9674563;R-HSA-9674562;R-HSA-9674816;R-HSA-9676071;R-HSA-9674567;R-HSA-9705729;R-HSA-9677579;R-HSA-9707977;R-HSA-9705738
R-HSA-418990,Adherens junctions interactions,1,35,0.00230521,0.379809921,0.394304661,4,16,0.001136525,9606,Homo sapiens,PRR4,,R-HSA-420598;R-HSA-419011;R-HSA-433711;R-HSA-419003
R-HSA-392154,Nitric oxide stimulates guanylate cyclase,1,35,0.00230521,0.379809921,0.394304661,1,7,4.97E-04,9606,Homo sapiens,IRAG1,,R-HSA-418442
R-HSA-450282,MAPK targets/ Nuclear events mediated by MAP kinases,1,35,0.00230521,0.379809921,0.394304661,2,16,0.001136525,9606,Homo sapiens,FOS,,R-HSA-450292;R-HSA-450325
R-HSA-9018683,Biosynthesis of DPA-derived SPMs,1,35,0.00230521,0.379809921,0.394304661,1,21,0.001491689,9606,Homo sapiens,PTGS2,,R-HSA-9026408
R-HSA-2022854,Keratan sulfate biosynthesis,1,36,0.002371073,0.388227556,0.394304661,1,9,6.39E-04,9606,Homo sapiens,B3GNT7,,R-HSA-2025724
R-HSA-2206281,Mucopolysaccharidoses,1,36,0.002371073,0.388227556,0.394304661,2,22,0.001562722,9606,Homo sapiens,GLB1L,,R-HSA-9036061;R-HSA-2265534
R-HSA-193807,Synthesis of bile acids and bile salts via 27-hydroxycholesterol,1,36,0.002371073,0.388227556,0.394304661,1,12,8.52E-04,9606,Homo sapiens,CYP27A1,,R-HSA-192123
R-HSA-9658195,Leishmania infection,5,302,0.019890667,0.394304661,0.394304661,7,95,0.006748118,9606,Homo sapiens,LYN;FCGR2A;IL1B;MEFV,,R-HSA-9664275;R-HSA-449058;R-HSA-9664278;R-HSA-9664261;R-HSA-879221;R-HSA-448703;R-HSA-877361
R-HSA-5357801,Programmed Cell Death,4,234,0.015411974,0.395641677,0.395641677,4,189,0.013425202,9606,Homo sapiens,H1-5;IL1B;TLR4,,R-HSA-2562564;R-HSA-449058;R-HSA-211239;R-HSA-211247
R-HSA-2029481,FCGR activation,2,103,0.006783903,0.410113957,0.410113957,4,6,4.26E-04,9606,Homo sapiens,LYN;FCGR2A,,R-HSA-2029452;R-HSA-2029449;R-HSA-1861621;R-HSA-2029459
R-HSA-1474290,Collagen formation,2,104,0.006849766,0.414824576,0.414824576,24,77,0.005469527,9606,Homo sapiens,COL4A4;PCOLCE,,R-HSA-8948232;R-HSA-8944265;R-HSA-1650808;R-HSA-2002460;R-HSA-8948234;R-HSA-2022141;R-HSA-2022073;R-HSA-8948224;R-HSA-8948226;R-HSA-8948228;R-HSA-2089971;R-HSA-8948230;R-HSA-1981104;R-HSA-2396234;R-HSA-8948231;R-HSA-2559639;R-HSA-8948219;R-HSA-2002440;R-HSA-1981128;R-HSA-2213207;R-HSA-8948222;R-HSA-1980233;R-HSA-1981157;R-HSA-1981120
R-HSA-1236974,ER-Phagosome pathway,3,173,0.011394323,0.419984345,0.419984345,1,10,7.10E-04,9606,Homo sapiens,S100A9;TLR4;S100A8,,R-HSA-8863895
R-HSA-8939236,RUNX1 regulates transcription of genes involved in differentiation of HSCs,2,106,0.006981492,0.42418933,0.42418933,3,15,0.001065492,9606,Homo sapiens,SPI1,,R-HSA-8865491;R-HSA-8865505;R-HSA-8865498
R-HSA-5365859,RA biosynthesis pathway,1,41,0.002700389,0.428640421,0.428640421,1,11,7.81E-04,9606,Homo sapiens,DHRS9,,R-HSA-5362518
R-HSA-8982491,Glycogen metabolism,1,41,0.002700389,0.428640421,0.428640421,3,37,0.002628214,9606,Homo sapiens,PYGL,,R-HSA-71588;R-HSA-71590;R-HSA-453339
R-HSA-389356,CD28 co-stimulation,1,41,0.002700389,0.428640421,0.428640421,1,19,0.001349624,9606,Homo sapiens,LYN,,R-HSA-388831
R-HSA-1296071,Potassium Channels,2,107,0.007047356,0.428842762,0.428842762,3,20,0.001420656,9606,Homo sapiens,GABBR1;KCNJ15,,R-HSA-1013020;R-HSA-1013013;R-HSA-1013012
R-HSA-1482839,Acyl chain remodelling of PE,1,42,0.002766252,0.436398349,0.436398349,1,9,6.39E-04,9606,Homo sapiens,PLBD1,,R-HSA-1482884
R-HSA-8957275,Post-translational protein phosphorylation,2,109,0.007179082,0.438090077,0.438090077,1,1,7.10E-05,9606,Homo sapiens,CST3;MXRA8,,R-HSA-8952289
R-HSA-975871,MyD88 cascade initiated on plasma membrane,2,109,0.007179082,0.438090077,0.438090077,3,70,0.004972297,9606,Homo sapiens,S100P;FOS,,R-HSA-450292;R-HSA-450325;R-HSA-168166
R-HSA-168176,Toll Like Receptor 5 (TLR5) Cascade,2,109,0.007179082,0.438090077,0.438090077,3,71,0.00504333,9606,Homo sapiens,S100P;FOS,,R-HSA-450292;R-HSA-450325;R-HSA-168166
R-HSA-168142,Toll Like Receptor 10 (TLR10) Cascade,2,109,0.007179082,0.438090077,0.438090077,3,71,0.00504333,9606,Homo sapiens,S100P;FOS,,R-HSA-450292;R-HSA-450325;R-HSA-168166
R-HSA-114604,GPVI-mediated activation cascade,1,43,0.002832115,0.444051441,0.444051441,5,25,0.00177582,9606,Homo sapiens,LYN,,R-HSA-139842;R-HSA-453200;R-HSA-437118;R-HSA-453183;R-HSA-114600
R-HSA-140877,Formation of Fibrin Clot (Clotting Cascade),1,43,0.002832115,0.444051441,0.444051441,3,61,0.004333002,9606,Homo sapiens,SERPING1,,R-HSA-158357;R-HSA-9650473;R-HSA-158399
R-HSA-9009391,Extra-nuclear estrogen signaling,2,111,0.007310808,0.44725592,0.44725592,2,39,0.00277028,9606,Homo sapiens,FOS,,R-HSA-9625479;R-HSA-9625465
R-HSA-1630316,Glycosaminoglycan metabolism,3,181,0.011921228,0.448596838,0.448596838,3,88,0.006250888,9606,Homo sapiens,GLB1L;B3GNT7,,R-HSA-2090079;R-HSA-2025724;R-HSA-1630306
R-HSA-419037,NCAM1 interactions,1,44,0.002897978,0.451601108,0.451601108,1,10,7.10E-04,9606,Homo sapiens,COL4A4,,R-HSA-375151
R-HSA-8948216,Collagen chain trimerization,1,44,0.002897978,0.451601108,0.451601108,1,28,0.001988919,9606,Homo sapiens,COL4A4,,R-HSA-8944265
R-HSA-195258,RHO GTPase Effectors,5,326,0.021471382,0.458264224,0.458264224,11,113,0.008026708,9606,Homo sapiens,NCF1;NCF2;NCF4;S100A9;S100A8,,R-HSA-9626832;R-HSA-9626880;R-HSA-9626816;R-HSA-9626848;R-HSA-9626817;R-HSA-5668629;R-HSA-5218827;R-HSA-5218841;R-HSA-5668735;R-HSA-5668605;R-HSA-5668731
R-HSA-193775,Synthesis of bile acids and bile salts via 24-hydroxycholesterol,1,45,0.002963841,0.45904874,0.45904874,6,28,0.001988919,9606,Homo sapiens,CYP27A1,,R-HSA-193792;R-HSA-193713;R-HSA-193719;R-HSA-193780;R-HSA-193787;R-HSA-193737
R-HSA-74217,Purine salvage,1,45,0.002963841,0.45904874,0.45904874,1,12,8.52E-04,9606,Homo sapiens,GMPR,,R-HSA-514604
R-HSA-8939211,ESR-mediated signaling,4,257,0.016926826,0.465125076,0.465125076,7,114,0.008097741,9606,Homo sapiens,TFF3;FOS,,R-HSA-9009371;R-HSA-9625479;R-HSA-9018494;R-HSA-9018497;R-HSA-9018499;R-HSA-9625465;R-HSA-9009378
R-HSA-9035034,RHOF GTPase cycle,1,46,0.003029704,0.466395711,0.466395711,1,3,2.13E-04,9606,Homo sapiens,BASP1,,R-HSA-9693125
R-HSA-3781860,Diseases associated with N-glycosylation of proteins,1,46,0.003029704,0.466395711,0.466395711,1,24,0.001704788,9606,Homo sapiens,GLB1L,,R-HSA-4341669
R-HSA-168164,Toll Like Receptor 3 (TLR3) Cascade,2,116,0.007640124,0.469799326,0.469799326,3,73,0.005185396,9606,Homo sapiens,S100P;FOS,,R-HSA-450292;R-HSA-450325;R-HSA-168166
R-HSA-2672351,Stimuli-sensing channels,2,120,0.007903576,0.487436031,0.487436031,2,33,0.002344083,9606,Homo sapiens,TTYH1,,R-HSA-2744349;R-HSA-2744242
R-HSA-165159,MTOR signalling,1,50,0.003293157,0.494803783,0.494803783,3,29,0.002059952,9606,Homo sapiens,FPR1,,R-HSA-165718;R-HSA-9679044;R-HSA-165692
R-HSA-512988,"Interleukin-3, Interleukin-5 and GM-CSF signaling",1,50,0.003293157,0.494803783,0.494803783,3,38,0.002699247,9606,Homo sapiens,LYN,,R-HSA-879917;R-HSA-912629;R-HSA-912627
R-HSA-2173789,TGF-beta receptor signaling activates SMADs,1,50,0.003293157,0.494803783,0.494803783,1,44,0.003125444,9606,Homo sapiens,FPR1,,R-HSA-170846
R-HSA-1433557,Signaling by SCF-KIT,1,51,0.00335902,0.501667396,0.501667396,19,39,0.00277028,9606,Homo sapiens,LYN,,R-HSA-1433428;R-HSA-205319;R-HSA-1433488;R-HSA-1433456;R-HSA-1562641;R-HSA-1470012;R-HSA-1470010;R-HSA-1472121;R-HSA-1470009;R-HSA-205234;R-HSA-1433542;R-HSA-205238;R-HSA-205205;R-HSA-1433506;R-HSA-1433454;R-HSA-1433451;R-HSA-1433418;R-HSA-1433514;R-HSA-205244
R-HSA-2871796,FCERI mediated MAPK activation,2,124,0.008167029,0.504704561,0.504704561,4,20,0.001420656,9606,Homo sapiens,LYN;FOS,,R-HSA-450292;R-HSA-450325;R-HSA-2730851;R-HSA-2730886
R-HSA-3928662,EPHB-mediated forward signaling,1,52,0.003424883,0.508438203,0.508438203,5,26,0.001846853,9606,Homo sapiens,LYN,,R-HSA-3928623;R-HSA-4093336;R-HSA-3928627;R-HSA-3928583;R-HSA-3928645
R-HSA-69236,G1 Phase,1,52,0.003424883,0.508438203,0.508438203,1,17,0.001207558,9606,Homo sapiens,LYN,,R-HSA-8942607
R-HSA-69231,Cyclin D associated events in G1,1,52,0.003424883,0.508438203,0.508438203,1,17,0.001207558,9606,Homo sapiens,LYN,,R-HSA-8942607
R-HSA-1280218,Adaptive Immune System,14,1012,0.066653494,0.516880125,0.516880125,21,265,0.018823697,9606,Homo sapiens,LYN;IFITM3;LILRA6;FCGR1BP;NCF1;NCF2;NCF4;FPR1;TREM1;HECW2;CLEC4E;TLR4;S100A9;S100A8,,R-HSA-199043;R-HSA-9606163;R-HSA-2025882;R-HSA-983147;R-HSA-388833;R-HSA-1236955;R-HSA-983140;R-HSA-9690461;R-HSA-8863895;R-HSA-5696358;R-HSA-983709;R-HSA-1236967;R-HSA-388829;R-HSA-5690702;R-HSA-1236939;R-HSA-983157;R-HSA-388831;R-HSA-983156;R-HSA-199518;R-HSA-1236940;R-HSA-1236941
R-HSA-381426,Regulation of Insulin-like Growth Factor (IGF) transport and uptake by Insulin-like Growth Factor Binding Proteins (IGFBPs),2,127,0.008364618,0.517407799,0.517407799,1,14,9.94E-04,9606,Homo sapiens,CST3;MXRA8,,R-HSA-8952289
R-HSA-75153,Apoptotic execution phase,1,54,0.003556609,0.521706382,0.521706382,2,57,0.004048871,9606,Homo sapiens,H1-5,,R-HSA-211239;R-HSA-211247
R-HSA-3928665,EPH-ephrin mediated repulsion of cells,1,55,0.003622473,0.528206201,0.528206201,5,9,6.39E-04,9606,Homo sapiens,LYN,,R-HSA-4093327;R-HSA-3928607;R-HSA-3928604;R-HSA-3928642;R-HSA-3928628
R-HSA-445989,TAK1-dependent IKK and NF-kappa-B activation  ,1,55,0.003622473,0.528206201,0.528206201,1,17,0.001207558,9606,Homo sapiens,S100P,,R-HSA-168166
R-HSA-983712,Ion channel transport,3,208,0.013699532,0.540397342,0.540397342,3,51,0.003622674,9606,Homo sapiens,PLN;TTYH1,,R-HSA-427910;R-HSA-2744349;R-HSA-2744242
R-HSA-2453902,The canonical retinoid cycle in rods (twilight vision),1,57,0.003754199,0.540943296,0.540943296,1,25,0.00177582,9606,Homo sapiens,DHRS9,,R-HSA-2454081
R-HSA-2162123,Synthesis of Prostaglandins (PG) and Thromboxanes (TX),1,58,0.003820062,0.547182922,0.547182922,4,33,0.002344083,9606,Homo sapiens,PTGS2,,R-HSA-2309779;R-HSA-2309787;R-HSA-2314686;R-HSA-2309773
R-HSA-197264,Nicotinamide salvaging,1,59,0.003885925,0.553338141,0.553338141,1,12,8.52E-04,9606,Homo sapiens,PTGS2,,R-HSA-2309773
R-HSA-4085001,Sialic acid metabolism,1,60,0.003951788,0.55941009,0.55941009,2,21,0.001491689,9606,Homo sapiens,GLB1L,,R-HSA-4084999;R-HSA-9638120
R-HSA-9692916,SARS-CoV-1 activates/modulates innate immune responses,1,60,0.003951788,0.55941009,0.55941009,1,30,0.002130985,9606,Homo sapiens,FPR1,,R-HSA-9728804
R-HSA-3000171,Non-integrin membrane-ECM interactions,1,61,0.004017651,0.56539989,0.56539989,1,22,0.001562722,9606,Homo sapiens,COL4A4,,R-HSA-2327738
R-HSA-9664323,FCGR3A-mediated IL10 synthesis,2,141,0.009286702,0.573777919,0.573777919,3,20,0.001420656,9606,Homo sapiens,LYN;FCGR2A,,R-HSA-9664275;R-HSA-9664278;R-HSA-9664261
R-HSA-114608,Platelet degranulation ,2,141,0.009286702,0.573777919,0.573777919,1,11,7.81E-04,9606,Homo sapiens,CXCL8;SERPING1,,R-HSA-481007
R-HSA-418597,G alpha (z) signalling events,1,63,0.004149378,0.577137453,0.577137453,4,13,9.23E-04,9606,Homo sapiens,RGS17,,R-HSA-392133;R-HSA-8982018;R-HSA-8982021;R-HSA-8981892
R-HSA-5578775,Ion homeostasis,1,64,0.004215241,0.582887383,0.582887383,3,17,0.001207558,9606,Homo sapiens,PLN,,R-HSA-427910;R-HSA-5617182;R-HSA-5578777
R-HSA-193648,NRAGE signals death through JNK,1,64,0.004215241,0.582887383,0.582887383,1,7,4.97E-04,9606,Homo sapiens,ARHGEF40,,R-HSA-205039
R-HSA-6805567,Keratinization,3,226,0.014885069,0.596523148,0.596523148,15,34,0.002415116,9606,Homo sapiens,CSTA;KRT17;KRT23,,R-HSA-6806629;R-HSA-6805573;R-HSA-6814734;R-HSA-6814764;R-HSA-6805546;R-HSA-6806613;R-HSA-6810357;R-HSA-6811539;R-HSA-6814387;R-HSA-6806610;R-HSA-6809393;R-HSA-6809663;R-HSA-8942224;R-HSA-6814298;R-HSA-6810937
R-HSA-9012999,RHO GTPase cycle,6,460,0.030297043,0.599879192,0.599879192,8,91,0.006463986,9606,Homo sapiens,NCF1;NCF2;BASP1;CHN1;NCF4;ARHGEF40,,R-HSA-9013145;R-HSA-9013161;R-HSA-9014424;R-HSA-9018808;R-HSA-9013144;R-HSA-9693125;R-HSA-8980691;R-HSA-9013109
R-HSA-76005,Response to elevated platelet cytosolic Ca2+,2,148,0.009747744,0.600123343,0.600123343,1,14,9.94E-04,9606,Homo sapiens,CXCL8;SERPING1,,R-HSA-481007
R-HSA-8873719,RAB geranylgeranylation,1,68,0.004478693,0.605119386,0.605119386,2,5,3.55E-04,9606,Homo sapiens,RAB31,,R-HSA-8870469;R-HSA-8870466
R-HSA-421270,Cell-cell junction organization,1,68,0.004478693,0.605119386,0.605119386,4,21,0.001491689,9606,Homo sapiens,PRR4,,R-HSA-420598;R-HSA-419011;R-HSA-433711;R-HSA-419003
R-HSA-9006931,Signaling by Nuclear Receptors,5,387,0.025489034,0.609292886,0.609292886,8,196,0.013922432,9606,Homo sapiens,DHRS9;TFF3;FOS,,R-HSA-9009371;R-HSA-9625479;R-HSA-5362518;R-HSA-9018494;R-HSA-9018497;R-HSA-9018499;R-HSA-9625465;R-HSA-9009378
R-HSA-1442490,Collagen degradation,1,69,0.004544556,0.610490592,0.610490592,3,34,0.002415116,9606,Homo sapiens,COL4A4,,R-HSA-1454757;R-HSA-1564142;R-HSA-2537499
R-HSA-450294,MAP kinase activation,1,69,0.004544556,0.610490592,0.610490592,2,32,0.00227305,9606,Homo sapiens,FOS,,R-HSA-450292;R-HSA-450325
R-HSA-8943724,Regulation of PTEN gene transcription,1,70,0.00461042,0.615789087,0.615789087,2,15,0.001065492,9606,Homo sapiens,EGR1,,R-HSA-8944104;R-HSA-8944078
R-HSA-375165,NCAM signaling for neurite out-growth,1,70,0.00461042,0.615789087,0.615789087,1,23,0.001633755,9606,Homo sapiens,COL4A4,,R-HSA-375151
R-HSA-9707616,Heme signaling,1,70,0.00461042,0.615789087,0.615789087,1,25,0.00177582,9606,Homo sapiens,TLR4,,R-HSA-9707659
R-HSA-186797,Signaling by PDGF,1,70,0.00461042,0.615789087,0.615789087,1,31,0.002202017,9606,Homo sapiens,COL4A4,,R-HSA-382054
R-HSA-373755,Semaphorin interactions,1,71,0.004676283,0.62101585,0.62101585,15,41,0.002912346,9606,Homo sapiens,PLXNA2,,R-HSA-399942;R-HSA-399941;R-HSA-399939;R-HSA-399951;R-HSA-399946;R-HSA-399947;R-HSA-399944;R-HSA-416723;R-HSA-399952;R-HSA-399934;R-HSA-399935;R-HSA-399933;R-HSA-399930;R-HSA-399931;R-HSA-399928
R-HSA-2559586,DNA Damage/Telomere Stress Induced Senescence,1,71,0.004676283,0.62101585,0.62101585,1,18,0.001278591,9606,Homo sapiens,H1-5,,R-HSA-4647594
R-HSA-1483257,Phospholipid metabolism,4,314,0.020681025,0.621837369,0.621837369,10,218,0.015485154,9606,Homo sapiens,PHOSPHO1;SLC44A4;LPCAT2;PLBD1,,R-HSA-1483159;R-HSA-1482884;R-HSA-1482612;R-HSA-1482533;R-HSA-1482547;R-HSA-444433;R-HSA-1482685;R-HSA-1482856;R-HSA-1483096;R-HSA-1482825
R-HSA-381119,Unfolded Protein Response (UPR),2,155,0.010208786,0.625231046,0.625231046,1,94,0.006677085,9606,Homo sapiens,CXCL8,,R-HSA-517731
R-HSA-5690714,CD22 mediated BCR regulation,1,72,0.004742146,0.626171847,0.626171847,1,4,2.84E-04,9606,Homo sapiens,LYN,,R-HSA-5690702
R-HSA-936837,Ion transport by P-type ATPases,1,72,0.004742146,0.626171847,0.626171847,1,17,0.001207558,9606,Homo sapiens,PLN,,R-HSA-427910
R-HSA-211976,Endogenous sterols,1,72,0.004742146,0.626171847,0.626171847,1,18,0.001278591,9606,Homo sapiens,CYP27A1,,R-HSA-192123
R-HSA-168643,"Nucleotide-binding domain, leucine rich repeat containing receptor (NLR) signaling pathways",1,72,0.004742146,0.626171847,0.626171847,2,46,0.00326751,9606,Homo sapiens,MEFV,,R-HSA-879221;R-HSA-877361
R-HSA-211981,Xenobiotics,1,73,0.004808009,0.631258033,0.631258033,13,22,0.001562722,9606,Homo sapiens,CYP2F1,,R-HSA-76416;R-HSA-76354;R-HSA-76453;R-HSA-211910;R-HSA-212005;R-HSA-211881;R-HSA-76397;R-HSA-143468;R-HSA-76434;R-HSA-211991;R-HSA-211988;R-HSA-76475;R-HSA-211929
R-HSA-913709,O-linked glycosylation of mucins,1,73,0.004808009,0.631258033,0.631258033,1,16,0.001136525,9606,Homo sapiens,B3GNT7,,R-HSA-914010
R-HSA-5362517,Signaling by Retinoic Acid,1,73,0.004808009,0.631258033,0.631258033,1,22,0.001562722,9606,Homo sapiens,DHRS9,,R-HSA-5362518
R-HSA-428157,Sphingolipid metabolism,2,158,0.010406376,0.635613732,0.635613732,3,65,0.004617133,9606,Homo sapiens,GLB1L,,R-HSA-1605624;R-HSA-1606312;R-HSA-1605724
R-HSA-193368,Synthesis of bile acids and bile salts via 7alpha-hydroxycholesterol,1,78,0.005137325,0.655674268,0.655674268,6,39,0.00277028,9606,Homo sapiens,CYP27A1,,R-HSA-193393;R-HSA-192054;R-HSA-193460;R-HSA-192042;R-HSA-193497;R-HSA-191999
R-HSA-448424,Interleukin-17 signaling,1,78,0.005137325,0.655674268,0.655674268,2,35,0.002486149,9606,Homo sapiens,FOS,,R-HSA-450292;R-HSA-450325
R-HSA-425366,"Transport of bile salts and organic acids, metal ions and amine compounds",2,165,0.010867418,0.658965941,0.658965941,2,67,0.004759199,9606,Homo sapiens,SLC44A4;SLC11A1,,R-HSA-435171;R-HSA-444433
R-HSA-9013106,RHOC GTPase cycle,1,79,0.005203188,0.660360901,0.660360901,1,6,4.26E-04,9606,Homo sapiens,ARHGEF40,,R-HSA-9013109
R-HSA-3000178,ECM proteoglycans,1,79,0.005203188,0.660360901,0.660360901,1,23,0.001633755,9606,Homo sapiens,COL4A4,,R-HSA-2465883
R-HSA-204998,"Cell death signalling via NRAGE, NRIF and NADE",1,81,0.005334914,0.669544566,0.669544566,1,17,0.001207558,9606,Homo sapiens,ARHGEF40,,R-HSA-205039
R-HSA-5663084,Diseases of carbohydrate metabolism,1,81,0.005334914,0.669544566,0.669544566,2,44,0.003125444,9606,Homo sapiens,GLB1L,,R-HSA-9036061;R-HSA-2265534
R-HSA-1989781,PPARA activates gene expression,2,175,0.011526049,0.690237122,0.690237122,1,41,0.002912346,9606,Homo sapiens,G0S2,,R-HSA-1989759
R-HSA-6796648,TP53 Regulates Transcription of DNA Repair Genes,1,86,0.00566423,0.69143686,0.69143686,2,17,0.001207558,9606,Homo sapiens,FOS,,R-HSA-6806412;R-HSA-6806394
R-HSA-216083,Integrin cell surface interactions,1,86,0.00566423,0.69143686,0.69143686,4,55,0.003906805,9606,Homo sapiens,COL4A4,,R-HSA-4088218;R-HSA-4539779;R-HSA-216040;R-HSA-2327695
R-HSA-416482,G alpha (12/13) signalling events,1,86,0.00566423,0.69143686,0.69143686,1,15,0.001065492,9606,Homo sapiens,ARHGEF40,,R-HSA-419166
R-HSA-5579029,Metabolic disorders of biological oxidation enzymes,1,87,0.005730093,0.695638937,0.695638937,2,38,0.002699247,9606,Homo sapiens,CYP27A1,,R-HSA-9035960;R-HSA-5602170
R-HSA-400206,Regulation of lipid metabolism by PPARalpha,2,177,0.011657775,0.696202072,0.696202072,1,45,0.003196477,9606,Homo sapiens,G0S2,,R-HSA-1989759
R-HSA-9018677,Biosynthesis of DHA-derived SPMs,1,89,0.005861819,0.703873004,0.703873004,1,58,0.004119903,9606,Homo sapiens,PTGS2,,R-HSA-9020261
R-HSA-9711123,Cellular response to chemical stress,3,269,0.017717184,0.711576831,0.711576831,1,134,0.009518397,9606,Homo sapiens,NCF1;NCF2;NCF4,,R-HSA-1222376
R-HSA-1168372,Downstream signaling events of B Cell Receptor (BCR),1,91,0.005993545,0.711885357,0.711885357,2,15,0.001065492,9606,Homo sapiens,FPR1,,R-HSA-2025882;R-HSA-9690461
R-HSA-211897,Cytochrome P450 - arranged by substrate type,2,186,0.012250543,0.721882218,0.721882218,15,61,0.004333002,9606,Homo sapiens,CYP27A1;CYP2F1,,R-HSA-76416;R-HSA-76354;R-HSA-76453;R-HSA-211910;R-HSA-212005;R-HSA-211881;R-HSA-211983;R-HSA-76397;R-HSA-143468;R-HSA-76434;R-HSA-211991;R-HSA-211988;R-HSA-192123;R-HSA-76475;R-HSA-211929
R-HSA-1169410,Antiviral mechanism by IFN-stimulated genes,1,94,0.006191135,0.723501126,0.723501126,3,31,0.002202017,9606,Homo sapiens,OAS1,,R-HSA-8983688;R-HSA-8983680;R-HSA-8983671
R-HSA-8876198,RAB GEFs exchange GTP for GDP on RABs,1,94,0.006191135,0.723501126,0.723501126,1,21,0.001491689,9606,Homo sapiens,RAB31,,R-HSA-8877311
R-HSA-446728,Cell junction organization,1,95,0.006256998,0.727268528,0.727268528,4,37,0.002628214,9606,Homo sapiens,PRR4,,R-HSA-420598;R-HSA-419011;R-HSA-433711;R-HSA-419003
R-HSA-983705,Signaling by the B Cell Receptor (BCR),2,189,0.012448133,0.730028136,0.730028136,5,45,0.003196477,9606,Homo sapiens,LYN;FPR1,,R-HSA-9606163;R-HSA-983709;R-HSA-2025882;R-HSA-5690702;R-HSA-9690461
R-HSA-420499,Class C/3 (Metabotropic glutamate/pheromone receptors),1,97,0.006388724,0.734650759,0.734650759,1,8,5.68E-04,9606,Homo sapiens,GABBR1,,R-HSA-420688
R-HSA-109581,Apoptosis,2,192,0.012645722,0.737971802,0.737971802,3,142,0.01008666,9606,Homo sapiens,H1-5;TLR4,,R-HSA-2562564;R-HSA-211239;R-HSA-211247
R-HSA-2029480,Fcgamma receptor (FCGR) dependent phagocytosis,2,193,0.012711585,0.740575268,0.740575268,15,42,0.002983378,9606,Homo sapiens,LYN;FCGR2A,,R-HSA-2197697;R-HSA-2029467;R-HSA-2029272;R-HSA-2029273;R-HSA-2029270;R-HSA-2029271;R-HSA-1861621;R-HSA-2029268;R-HSA-2029458;R-HSA-2029459;R-HSA-2029452;R-HSA-2029453;R-HSA-2029451;R-HSA-2029449;R-HSA-2029476
R-HSA-9662851,Anti-inflammatory response favouring Leishmania parasite infection,2,193,0.012711585,0.740575268,0.740575268,3,40,0.002841313,9606,Homo sapiens,LYN;FCGR2A,,R-HSA-9664275;R-HSA-9664278;R-HSA-9664261
R-HSA-9664433,Leishmania parasite growth and survival,2,193,0.012711585,0.740575268,0.740575268,3,40,0.002841313,9606,Homo sapiens,LYN;FCGR2A,,R-HSA-9664275;R-HSA-9664278;R-HSA-9664261
R-HSA-388841,Costimulation by the CD28 family,1,99,0.006520451,0.741834109,0.741834109,3,35,0.002486149,9606,Homo sapiens,LYN,,R-HSA-388833;R-HSA-388829;R-HSA-388831
R-HSA-2682334,EPH-Ephrin signaling,1,102,0.00671804,0.752247857,0.752247857,14,56,0.003977838,9606,Homo sapiens,LYN,,R-HSA-3928602;R-HSA-3928607;R-HSA-4093336;R-HSA-3928604;R-HSA-3928627;R-HSA-3928628;R-HSA-3928651;R-HSA-4093327;R-HSA-3928648;R-HSA-3928584;R-HSA-3928623;R-HSA-3928642;R-HSA-3928583;R-HSA-3928645
R-HSA-194315,Signaling by Rho GTPases,8,709,0.046696964,0.754524916,0.754524916,19,203,0.014419662,9606,Homo sapiens,NCF1;NCF2;BASP1;CHN1;NCF4;ARHGEF40;S100A9;S100A8,,R-HSA-9013161;R-HSA-9626832;R-HSA-5668629;R-HSA-5218827;R-HSA-5668735;R-HSA-5668605;R-HSA-5668731;R-HSA-9013145;R-HSA-9014424;R-HSA-9018808;R-HSA-9013144;R-HSA-9626880;R-HSA-9626816;R-HSA-9626848;R-HSA-9626817;R-HSA-5218841;R-HSA-9693125;R-HSA-8980691;R-HSA-9013109
R-HSA-983695,Antigen activates B Cell Receptor (BCR) leading to generation of second messengers,1,103,0.006783903,0.755625353,0.755625353,2,26,0.001846853,9606,Homo sapiens,LYN,,R-HSA-9606163;R-HSA-983709
R-HSA-5668541,TNFR2 non-canonical NF-kB pathway,1,104,0.006849766,0.758957024,0.758957024,7,44,0.003125444,9606,Homo sapiens,LTBR,,R-HSA-5668454;R-HSA-5668534;R-HSA-5668789;R-HSA-5676593;R-HSA-5668481;R-HSA-5668414;R-HSA-5676591
R-HSA-168928,DDX58/IFIH1-mediated induction of interferon-alpha/beta,1,104,0.006849766,0.758957024,0.758957024,1,53,0.003764739,9606,Homo sapiens,S100P,,R-HSA-168166
R-HSA-76002,"Platelet activation, signaling and aggregation",3,293,0.019297899,0.763964572,0.763964572,6,117,0.00831084,9606,Homo sapiens,LYN;CXCL8;SERPING1,,R-HSA-139842;R-HSA-453200;R-HSA-481007;R-HSA-437118;R-HSA-453183;R-HSA-114600
R-HSA-2730905,Role of LAT2/NTAL/LAB on calcium mobilization,1,107,0.007047356,0.768683237,0.768683237,2,7,4.97E-04,9606,Homo sapiens,LYN,,R-HSA-2730860;R-HSA-2730884
R-HSA-170834,Signaling by TGF-beta Receptor Complex,1,107,0.007047356,0.768683237,0.768683237,3,100,0.007103282,9606,Homo sapiens,FPR1,,R-HSA-2134519;R-HSA-2134506;R-HSA-170846
R-HSA-109582,Hemostasis,9,803,0.052888099,0.770557086,0.770557086,22,338,0.024009092,9606,Homo sapiens,CEACAM3;LYN;CXCL8;IRAG1;PLAUR;SERPING1;SIRPA;TREM1;SIRPB1,,R-HSA-139842;R-HSA-432295;R-HSA-158982;R-HSA-481007;R-HSA-114600;R-HSA-202703;R-HSA-418442;R-HSA-158959;R-HSA-158925;R-HSA-210291;R-HSA-114577;R-HSA-453200;R-HSA-158357;R-HSA-203156;R-HSA-8867135;R-HSA-437118;R-HSA-453183;R-HSA-9650473;R-HSA-159001;R-HSA-158942;R-HSA-158399;R-HSA-159005
R-HSA-422356,Regulation of insulin secretion,1,108,0.007113219,0.771837715,0.771837715,1,38,0.002699247,9606,Homo sapiens,MARCKS,,R-HSA-399978
R-HSA-9716542,"Signaling by Rho GTPases, Miro GTPases and RHOBTB3",8,725,0.047750774,0.775754775,0.775754775,19,212,0.015058957,9606,Homo sapiens,NCF1;NCF2;BASP1;CHN1;NCF4;ARHGEF40;S100A9;S100A8,,R-HSA-9013161;R-HSA-9626832;R-HSA-5668629;R-HSA-5218827;R-HSA-5668735;R-HSA-5668605;R-HSA-5668731;R-HSA-9013145;R-HSA-9014424;R-HSA-9018808;R-HSA-9013144;R-HSA-9626880;R-HSA-9626816;R-HSA-9626848;R-HSA-9626817;R-HSA-5218841;R-HSA-9693125;R-HSA-8980691;R-HSA-9013109
R-HSA-193704,p75 NTR receptor-mediated signalling,1,110,0.007244945,0.778018811,0.778018811,1,50,0.003551641,9606,Homo sapiens,ARHGEF40,,R-HSA-205039
R-HSA-166786,Creation of C4 and C2 activators,1,111,0.007310808,0.781046578,0.781046578,2,8,5.68E-04,9606,Homo sapiens,FCN1,,R-HSA-166726;R-HSA-2855125
R-HSA-192105,Synthesis of bile acids and bile salts,1,113,0.007442534,0.786979363,0.786979363,13,83,0.005895724,9606,Homo sapiens,CYP27A1,,R-HSA-193792;R-HSA-192042;R-HSA-193737;R-HSA-193393;R-HSA-193713;R-HSA-192054;R-HSA-193719;R-HSA-193460;R-HSA-193780;R-HSA-193787;R-HSA-192123;R-HSA-193497;R-HSA-191999
R-HSA-2559580,Oxidative Stress Induced Senescence,1,114,0.007508398,0.789885485,0.789885485,4,40,0.002841313,9606,Homo sapiens,FOS,,R-HSA-450292;R-HSA-450325;R-HSA-3222546;R-HSA-3222533
R-HSA-8856825,Cargo recognition for clathrin-mediated endocytosis,1,115,0.007574261,0.792752148,0.792752148,1,15,0.001065492,9606,Homo sapiens,REPS2,,R-HSA-8866279
R-HSA-5617472,Activation of anterior HOX genes in hindbrain development during early embryogenesis,1,116,0.007640124,0.795579888,0.795579888,7,43,0.003054411,9606,Homo sapiens,EGR2,,R-HSA-5617492;R-HSA-5617661;R-HSA-5617484;R-HSA-5617486;R-HSA-5617454;R-HSA-5617672;R-HSA-5617483
R-HSA-5619507,Activation of HOX genes during differentiation,1,116,0.007640124,0.795579888,0.795579888,7,43,0.003054411,9606,Homo sapiens,EGR2,,R-HSA-5617492;R-HSA-5617661;R-HSA-5617484;R-HSA-5617486;R-HSA-5617454;R-HSA-5617672;R-HSA-5617483
R-HSA-418346,Platelet homeostasis,1,118,0.00777185,0.80112069,0.80112069,1,31,0.002202017,9606,Homo sapiens,IRAG1,,R-HSA-418442
R-HSA-9692914,SARS-CoV-1-host interactions,1,118,0.00777185,0.80112069,0.80112069,1,48,0.003409575,9606,Homo sapiens,FPR1,,R-HSA-9728804
R-HSA-166663,Initial triggering of complement,1,120,0.007903576,0.806512015,0.806512015,4,21,0.001491689,9606,Homo sapiens,FCN1,,R-HSA-166753;R-HSA-166726;R-HSA-166792;R-HSA-2855125
R-HSA-198933,Immunoregulatory interactions between a Lymphoid and a non-Lymphoid cell,3,316,0.020812751,0.806699331,0.806699331,3,44,0.003125444,9606,Homo sapiens,LILRA6;IFITM3;TREM1,,R-HSA-5696358;R-HSA-199043;R-HSA-199518
R-HSA-194068,Bile acid and bile salt metabolism,1,125,0.008232892,0.819362439,0.819362439,13,99,0.007032249,9606,Homo sapiens,CYP27A1,,R-HSA-193792;R-HSA-192042;R-HSA-193737;R-HSA-193393;R-HSA-193713;R-HSA-192054;R-HSA-193719;R-HSA-193460;R-HSA-193780;R-HSA-193787;R-HSA-192123;R-HSA-193497;R-HSA-191999
R-HSA-112314,Neurotransmitter receptors and postsynaptic signal transmission,2,232,0.015280248,0.826133315,0.826133315,4,110,0.00781361,9606,Homo sapiens,GABBR1;KCNJ15,,R-HSA-1013020;R-HSA-420688;R-HSA-1013013;R-HSA-1013012
R-HSA-2029485,Role of phospholipids in phagocytosis,1,129,0.008496345,0.829028323,0.829028323,5,12,8.52E-04,9606,Homo sapiens,FCGR2A,,R-HSA-2029272;R-HSA-2029273;R-HSA-2029270;R-HSA-2029271;R-HSA-2029268
R-HSA-2871809,FCERI mediated Ca+2 mobilization,1,129,0.008496345,0.829028323,0.829028323,2,11,7.81E-04,9606,Homo sapiens,LYN,,R-HSA-2730888;R-HSA-2730833
R-HSA-373760,L1CAM interactions,1,130,0.008562208,0.831363256,0.831363256,1,54,0.003835772,9606,Homo sapiens,CD24,,R-HSA-437234
R-HSA-2454202,Fc epsilon receptor (FCERI) signaling,2,235,0.015477837,0.831537154,0.831537154,14,65,0.004617133,9606,Homo sapiens,LYN;FOS,,R-HSA-2730888;R-HSA-2730860;R-HSA-2454240;R-HSA-2454208;R-HSA-2730862;R-HSA-2730851;R-HSA-2730882;R-HSA-2730884;R-HSA-2730886;R-HSA-450292;R-HSA-2730843;R-HSA-450325;R-HSA-2730833;R-HSA-2454239
R-HSA-446219,Synthesis of substrates in N-glycan biosythesis,1,131,0.008628071,0.833666454,0.833666454,2,49,0.003480608,9606,Homo sapiens,GLB1L,,R-HSA-4084999;R-HSA-9638120
R-HSA-9007101,Rab regulation of trafficking,1,131,0.008628071,0.833666454,0.833666454,1,35,0.002486149,9606,Homo sapiens,RAB31,,R-HSA-8877311
R-HSA-5173105,O-linked glycosylation,1,133,0.008759797,0.838179352,0.838179352,1,27,0.001917886,9606,Homo sapiens,B3GNT7,,R-HSA-914010
R-HSA-9006936,Signaling by TGFB family members,1,136,0.008957387,0.844721227,0.844721227,3,125,0.008879102,9606,Homo sapiens,FPR1,,R-HSA-2134519;R-HSA-2134506;R-HSA-170846
R-HSA-9675108,Nervous system development,6,621,0.040901008,0.853347377,0.853347377,50,324,0.023014633,9606,Homo sapiens,LYN;EGR2;COL4A4;PLXNA2;CD24,,R-HSA-9615638;R-HSA-9621399;R-HSA-3928627;R-HSA-9621400;R-HSA-9621406;R-HSA-9621404;R-HSA-3928628;R-HSA-3928623;R-HSA-9615626;R-HSA-3928602;R-HSA-3928607;R-HSA-4093336;R-HSA-9614773;R-HSA-3928604;R-HSA-9614778;R-HSA-9621410;R-HSA-9621411;R-HSA-4093327;R-HSA-3928584;R-HSA-9618725;R-HSA-399934;R-HSA-399935;R-HSA-399933;R-HSA-3928583;R-HSA-399930;R-HSA-399931;R-HSA-399928;R-HSA-399942;R-HSA-9619667;R-HSA-399941;R-HSA-399939;R-HSA-399951;R-HSA-399946;R-HSA-399947;R-HSA-399944;R-HSA-9614787;R-HSA-9613760;R-HSA-9614790;R-HSA-416723;R-HSA-399952;R-HSA-9613768;R-HSA-9619657;R-HSA-9616116;R-HSA-375151;R-HSA-9618559;R-HSA-3928651;R-HSA-3928648;R-HSA-437234;R-HSA-3928642;R-HSA-3928645
R-HSA-15869,Metabolism of nucleotides,2,256,0.016860963,0.865317399,0.865317399,2,142,0.01008666,9606,Homo sapiens,CDA;GMPR,,R-HSA-73608;R-HSA-514604
R-HSA-5576891,Cardiac conduction,1,147,0.009681881,0.866534789,0.866534789,3,33,0.002344083,9606,Homo sapiens,PLN,,R-HSA-427910;R-HSA-5617182;R-HSA-5578777
R-HSA-163685,Integration of energy metabolism,1,147,0.009681881,0.866534789,0.866534789,1,66,0.004688166,9606,Homo sapiens,MARCKS,,R-HSA-399978
R-HSA-196849,Metabolism of water-soluble vitamins and cofactors,2,258,0.016992689,0.868189434,0.868189434,2,143,0.010157693,9606,Homo sapiens,BST1;PTGS2,,R-HSA-8870346;R-HSA-2309773
R-HSA-1474228,Degradation of the extracellular matrix,1,148,0.009747744,0.868359669,0.868359669,3,105,0.007458446,9606,Homo sapiens,COL4A4,,R-HSA-1454757;R-HSA-1564142;R-HSA-2537499
R-HSA-71387,Metabolism of carbohydrates,4,456,0.03003359,0.87102262,0.87102262,6,241,0.017118909,9606,Homo sapiens,B3GNT7;GLB1L;PYGL,,R-HSA-2090079;R-HSA-2025724;R-HSA-71588;R-HSA-71590;R-HSA-1630306;R-HSA-453339
R-HSA-8878171,Transcriptional regulation by RUNX1,2,261,0.017190279,0.872392627,0.872392627,3,132,0.009376332,9606,Homo sapiens,SPI1,,R-HSA-8865491;R-HSA-8865505;R-HSA-8865498
R-HSA-8980692,RHOA GTPase cycle,1,154,0.010142923,0.878799076,0.878799076,1,6,4.26E-04,9606,Homo sapiens,ARHGEF40,,R-HSA-8980691
R-HSA-9664417,Leishmania phagocytosis,1,157,0.010340512,0.883705536,0.883705536,2,27,0.001917886,9606,Homo sapiens,LYN,,R-HSA-9664275;R-HSA-9664261
R-HSA-9664422,FCGR3A-mediated phagocytosis,1,157,0.010340512,0.883705536,0.883705536,2,27,0.001917886,9606,Homo sapiens,LYN,,R-HSA-9664275;R-HSA-9664261
R-HSA-9664407,Parasite infection,1,157,0.010340512,0.883705536,0.883705536,2,27,0.001917886,9606,Homo sapiens,LYN,,R-HSA-9664275;R-HSA-9664261
R-HSA-2029482,Regulation of actin dynamics for phagocytic cup formation,1,158,0.010406376,0.88529669,0.88529669,6,24,0.001704788,9606,Homo sapiens,FCGR2A,,R-HSA-2197697;R-HSA-2029453;R-HSA-2029467;R-HSA-2029451;R-HSA-2029476;R-HSA-2029458
R-HSA-9013148,CDC42 GTPase cycle,1,159,0.010472239,0.886866178,0.886866178,1,6,4.26E-04,9606,Homo sapiens,CHN1,,R-HSA-9013161
R-HSA-9018678,Biosynthesis of specialized proresolving mediators (SPMs),1,159,0.010472239,0.886866178,0.886866178,7,124,0.008808069,9606,Homo sapiens,PTGS2,,R-HSA-9026408;R-HSA-9027627;R-HSA-9027532;R-HSA-9028255;R-HSA-9018880;R-HSA-9020261;R-HSA-9027607
R-HSA-446193,"Biosynthesis of the N-glycan precursor (dolichol lipid-linked oligosaccharide, LLO) and transfer to a nascent protein",1,159,0.010472239,0.886866178,0.886866178,2,63,0.004475067,9606,Homo sapiens,GLB1L,,R-HSA-4084999;R-HSA-9638120
R-HSA-8856828,Clathrin-mediated endocytosis,1,161,0.010603965,0.889941324,0.889941324,16,35,0.002486149,9606,Homo sapiens,REPS2,,R-HSA-8868071;R-HSA-8866279;R-HSA-8868230;R-HSA-8867756;R-HSA-8868236;R-HSA-8868651;R-HSA-8867754;R-HSA-8868072;R-HSA-8868648;R-HSA-8868661;R-HSA-8868660;R-HSA-8868659;R-HSA-8868658;R-HSA-8869438;R-HSA-8871194;R-HSA-8871193
R-HSA-73887,Death Receptor Signalling,1,164,0.010801554,0.894398757,0.894398757,1,103,0.00731638,9606,Homo sapiens,ARHGEF40,,R-HSA-205039
R-HSA-1266738,Developmental Biology,13,1279,0.084238951,0.895959989,0.895959989,84,573,0.040701804,9606,Homo sapiens,LYN;EGR2;CSTA;SPI1;CEBPD;KRT17;COL4A4;PLXNA2;KRT23;CD24,,R-HSA-5617492;R-HSA-6806629;R-HSA-9615638;R-HSA-9621399;R-HSA-3928627;R-HSA-9621400;R-HSA-9621406;R-HSA-9621404;R-HSA-3928628;R-HSA-6810357;R-HSA-9634433;R-HSA-3928623;R-HSA-9615626;R-HSA-8942224;R-HSA-5617484;R-HSA-5617486;R-HSA-381337;R-HSA-5617483;R-HSA-3928602;R-HSA-6805573;R-HSA-3928607;R-HSA-9617207;R-HSA-4093336;R-HSA-9614773;R-HSA-3928604;R-HSA-9614778;R-HSA-5617661;R-HSA-9621410;R-HSA-9621411;R-HSA-4093327;R-HSA-6806613;R-HSA-3928584;R-HSA-6806610;R-HSA-9618725;R-HSA-399934;R-HSA-399935;R-HSA-9617064;R-HSA-399933;R-HSA-3928583;R-HSA-399930;R-HSA-6814298;R-HSA-399931;R-HSA-399928;R-HSA-399942;R-HSA-9619667;R-HSA-399941;R-HSA-381377;R-HSA-9616214;R-HSA-399939;R-HSA-399951;R-HSA-6814764;R-HSA-399946;R-HSA-6805546;R-HSA-399947;R-HSA-399944;R-HSA-9614787;R-HSA-9613760;R-HSA-6814387;R-HSA-9614790;R-HSA-416723;R-HSA-6809393;R-HSA-399952;R-HSA-6809663;R-HSA-9613768;R-HSA-9619657;R-HSA-5617672;R-HSA-6810937;R-HSA-9616243;R-HSA-381283;R-HSA-9616116;R-HSA-8865505;R-HSA-6814734;R-HSA-375151;R-HSA-9618559;R-HSA-9634429;R-HSA-3928651;R-HSA-3928648;R-HSA-6811539;R-HSA-437234;R-HSA-977271;R-HSA-3928642;R-HSA-5617454;R-HSA-977392;R-HSA-3928645
R-HSA-2142753,Arachidonic acid metabolism,1,168,0.011065007,0.900063735,0.900063735,5,79,0.005611593,9606,Homo sapiens,PTGS2,,R-HSA-2309779;R-HSA-2309787;R-HSA-2314686;R-HSA-2309773;R-HSA-2161951
R-HSA-9679191,Potential therapeutics for SARS,1,168,0.011065007,0.900063735,0.900063735,2,36,0.002557181,9606,Homo sapiens,FPR1,,R-HSA-9679044;R-HSA-9690461
R-HSA-2187338,Visual phototransduction,1,169,0.01113087,0.90143207,0.90143207,1,92,0.006535019,9606,Homo sapiens,DHRS9,,R-HSA-2454081
R-HSA-6807070,PTEN Regulation,1,171,0.011262596,0.904113054,0.904113054,2,56,0.003977838,9606,Homo sapiens,EGR1,,R-HSA-8944104;R-HSA-8944078
R-HSA-453279,Mitotic G1 phase and G1/S transition,1,174,0.011460186,0.907999058,0.907999058,1,101,0.007174315,9606,Homo sapiens,LYN,,R-HSA-8942607
R-HSA-9610379,HCMV Late Events,1,175,0.011526049,0.909259242,0.909259242,2,19,0.001349624,9606,Homo sapiens,CEBPD,,R-HSA-9624033;R-HSA-9698926
R-HSA-2871837,FCERI mediated NF-kB activation,1,175,0.011526049,0.909259242,0.909259242,1,19,0.001349624,9606,Homo sapiens,LYN,,R-HSA-2730882
R-HSA-5663202,Diseases of signal transduction by growth factor receptors and second messengers,4,498,0.032799842,0.910250669,0.910250669,9,478,0.033953687,9606,Homo sapiens,LYN;BCL2A1;FPR1,,R-HSA-9670418;R-HSA-9670417;R-HSA-9670416;R-HSA-3656382;R-HSA-9670426;R-HSA-9670414;R-HSA-9725338;R-HSA-9670413;R-HSA-9670412
R-HSA-69242,S Phase,1,179,0.011789501,0.9141305,0.9141305,2,55,0.003906805,9606,Homo sapiens,ESCO2,,R-HSA-2468039;R-HSA-2473152
R-HSA-211945,Phase I - Functionalization of compounds,2,301,0.019824804,0.917820838,0.917820838,15,102,0.007245347,9606,Homo sapiens,CYP27A1;CYP2F1,,R-HSA-76416;R-HSA-76354;R-HSA-76453;R-HSA-211910;R-HSA-212005;R-HSA-211881;R-HSA-211983;R-HSA-76397;R-HSA-143468;R-HSA-76434;R-HSA-211991;R-HSA-211988;R-HSA-192123;R-HSA-76475;R-HSA-211929
R-HSA-9678108,SARS-CoV-1 Infection,1,194,0.012777448,0.930189783,0.930189783,1,159,0.011294218,9606,Homo sapiens,FPR1,,R-HSA-9728804
R-HSA-2262752,Cellular responses to stress,9,1005,0.066192452,0.934827346,0.934827346,15,450,0.031964768,9606,Homo sapiens,H1-5;CXCL8;NCF1;NCF2;IL1B;NCF4;FOS;TLR4,,R-HSA-3790137;R-HSA-4568740;R-HSA-3222546;R-HSA-4568737;R-HSA-517731;R-HSA-3857308;R-HSA-3797202;R-HSA-4647594;R-HSA-3788745;R-HSA-450292;R-HSA-450325;R-HSA-3222533;R-HSA-3797196;R-HSA-1222376;R-HSA-9707659
R-HSA-3781865,Diseases of glycosylation,1,202,0.013304354,0.937493543,0.937493543,1,77,0.005469527,9606,Homo sapiens,GLB1L,,R-HSA-4341669
R-HSA-1474244,Extracellular matrix organization,2,328,0.021603109,0.939393547,0.939393547,37,319,0.022659469,9606,Homo sapiens,COL4A4;PCOLCE,,R-HSA-8948232;R-HSA-8944265;R-HSA-2002460;R-HSA-8948234;R-HSA-4539779;R-HSA-8948224;R-HSA-8948226;R-HSA-8948228;R-HSA-8948230;R-HSA-8948231;R-HSA-2002440;R-HSA-2327733;R-HSA-1981128;R-HSA-1980233;R-HSA-2327738;R-HSA-1981120;R-HSA-1650808;R-HSA-2022141;R-HSA-4088218;R-HSA-2022073;R-HSA-216040;R-HSA-4084501;R-HSA-2089971;R-HSA-2327695;R-HSA-1981104;R-HSA-2396234;R-HSA-2559639;R-HSA-2328145;R-HSA-1454757;R-HSA-8948219;R-HSA-2213207;R-HSA-8948222;R-HSA-2426450;R-HSA-1564142;R-HSA-1981157;R-HSA-2537499;R-HSA-2465883
R-HSA-8953897,Cellular responses to stimuli,9,1023,0.067377989,0.942581054,0.942581054,15,481,0.034166785,9606,Homo sapiens,H1-5;CXCL8;NCF1;NCF2;IL1B;NCF4;FOS;TLR4,,R-HSA-3790137;R-HSA-4568740;R-HSA-3222546;R-HSA-4568737;R-HSA-517731;R-HSA-3857308;R-HSA-3797202;R-HSA-4647594;R-HSA-3788745;R-HSA-450292;R-HSA-450325;R-HSA-3222533;R-HSA-3797196;R-HSA-1222376;R-HSA-9707659
R-HSA-112315,Transmission across Chemical Synapses,2,344,0.022656919,0.949525856,0.949525856,4,167,0.01186248,9606,Homo sapiens,GABBR1;KCNJ15,,R-HSA-1013020;R-HSA-420688;R-HSA-1013013;R-HSA-1013012
R-HSA-397014,Muscle contraction,1,232,0.015280248,0.95872202,0.95872202,3,53,0.003764739,9606,Homo sapiens,PLN,,R-HSA-427910;R-HSA-5617182;R-HSA-5578777
R-HSA-422475,Axon guidance,4,585,0.038529935,0.95969433,0.95969433,31,298,0.02116778,9606,Homo sapiens,LYN;COL4A4;PLXNA2;CD24,,R-HSA-399942;R-HSA-399941;R-HSA-399939;R-HSA-3928627;R-HSA-399951;R-HSA-399946;R-HSA-399947;R-HSA-399944;R-HSA-3928628;R-HSA-3928623;R-HSA-416723;R-HSA-399952;R-HSA-3928602;R-HSA-3928607;R-HSA-4093336;R-HSA-3928604;R-HSA-375151;R-HSA-3928651;R-HSA-4093327;R-HSA-3928648;R-HSA-3928584;R-HSA-437234;R-HSA-399934;R-HSA-3928642;R-HSA-399935;R-HSA-399933;R-HSA-3928583;R-HSA-399930;R-HSA-399931;R-HSA-3928645;R-HSA-399928
R-HSA-3700989,Transcriptional Regulation by TP53,3,484,0.031877758,0.962158696,0.962158696,4,259,0.0183975,9606,Homo sapiens,TNFRSF10C;FOS,,R-HSA-5633414;R-HSA-5633441;R-HSA-6806412;R-HSA-6806394
R-HSA-196854,Metabolism of vitamins and cofactors,2,382,0.025159718,0.967529687,0.967529687,2,205,0.014561728,9606,Homo sapiens,BST1;PTGS2,,R-HSA-8870346;R-HSA-2309773
R-HSA-9609646,HCMV Infection,1,270,0.017783047,0.97562542,0.97562542,2,31,0.002202017,9606,Homo sapiens,CEBPD,,R-HSA-9624033;R-HSA-9698926
R-HSA-425407,SLC-mediated transmembrane transport,2,420,0.027662517,0.97928505,0.97928505,2,194,0.013780367,9606,Homo sapiens,SLC44A4;SLC11A1,,R-HSA-435171;R-HSA-444433
R-HSA-5668914,Diseases of metabolism,2,424,0.02792597,0.980251012,0.980251012,5,195,0.013851399,9606,Homo sapiens,CYP27A1;GLB1L,,R-HSA-9035960;R-HSA-9036061;R-HSA-4341669;R-HSA-2265534;R-HSA-5602170
R-HSA-983168,Antigen processing: Ubiquitination & Proteasome degradation,1,315,0.020746888,0.986960624,0.986960624,4,9,6.39E-04,9606,Homo sapiens,HECW2,,R-HSA-983147;R-HSA-983157;R-HSA-983156;R-HSA-983140
R-HSA-1257604,PIP3 activates AKT signaling,1,321,0.021142067,0.988005818,0.988005818,2,86,0.006108822,9606,Homo sapiens,EGR1,,R-HSA-8944104;R-HSA-8944078
R-HSA-8957322,Metabolism of steroids,1,331,0.021800698,0.989565752,0.989565752,13,250,0.017758204,9606,Homo sapiens,CYP27A1,,R-HSA-193792;R-HSA-192042;R-HSA-193737;R-HSA-193393;R-HSA-193713;R-HSA-192054;R-HSA-193719;R-HSA-193460;R-HSA-193780;R-HSA-193787;R-HSA-192123;R-HSA-193497;R-HSA-191999
R-HSA-112316,Neuronal System,2,490,0.032272937,0.991115044,0.991115044,4,221,0.015698253,9606,Homo sapiens,GABBR1;KCNJ15,,R-HSA-1013020;R-HSA-420688;R-HSA-1013013;R-HSA-1013012
R-HSA-9006925,Intracellular signaling by second messengers,1,368,0.024237634,0.993773827,0.993773827,2,114,0.008097741,9606,Homo sapiens,EGR1,,R-HSA-8944104;R-HSA-8944078
R-HSA-556833,Metabolism of lipids,10,1446,0.095238095,0.995711745,0.995711745,39,965,0.068546669,9606,Homo sapiens,CYP27A1;PHOSPHO1;SLC44A4;GLB1L;LPCAT2;PLBD1;G0S2;PTGS2,,R-HSA-1483159;R-HSA-193792;R-HSA-1605724;R-HSA-9027532;R-HSA-9018880;R-HSA-193737;R-HSA-1483096;R-HSA-1482884;R-HSA-9028255;R-HSA-444433;R-HSA-193497;R-HSA-2314686;R-HSA-9027607;R-HSA-1482825;R-HSA-1605624;R-HSA-1989759;R-HSA-9026408;R-HSA-9027627;R-HSA-1482612;R-HSA-1482547;R-HSA-192042;R-HSA-1482685;R-HSA-9020261;R-HSA-2309773;R-HSA-2309779;R-HSA-1606312;R-HSA-193393;R-HSA-193713;R-HSA-1482533;R-HSA-192054;R-HSA-193719;R-HSA-193460;R-HSA-193780;R-HSA-2309787;R-HSA-193787;R-HSA-192123;R-HSA-191999;R-HSA-1482856;R-HSA-2161951
R-HSA-211859,Biological oxidations,2,551,0.036290588,0.995820922,0.995820922,15,192,0.013638301,9606,Homo sapiens,CYP27A1;CYP2F1,,R-HSA-76416;R-HSA-76354;R-HSA-76453;R-HSA-211910;R-HSA-212005;R-HSA-211881;R-HSA-211983;R-HSA-76397;R-HSA-143468;R-HSA-76434;R-HSA-211991;R-HSA-211988;R-HSA-192123;R-HSA-76475;R-HSA-211929
R-HSA-446203,Asparagine N-linked glycosylation,1,421,0.02772838,0.997034929,0.997034929,2,144,0.010228726,9606,Homo sapiens,GLB1L,,R-HSA-4084999;R-HSA-9638120
R-HSA-8978868,Fatty acid metabolism,1,431,0.028387012,0.997422993,0.997422993,5,220,0.01562722,9606,Homo sapiens,PTGS2,,R-HSA-2309779;R-HSA-2309787;R-HSA-2314686;R-HSA-2309773;R-HSA-2161951
R-HSA-382551,Transport of small molecules,5,971,0.063953105,0.997483998,0.997483998,5,454,0.032248899,9606,Homo sapiens,SLC44A4;PLN;TTYH1;SLC11A1,,R-HSA-427910;R-HSA-2744349;R-HSA-435171;R-HSA-444433;R-HSA-2744242
R-HSA-69278,"Cell Cycle, Mitotic",2,596,0.039254429,0.997624686,0.997624686,3,352,0.025003552,9606,Homo sapiens,LYN;ESCO2,,R-HSA-2468039;R-HSA-2473152;R-HSA-8942607
R-HSA-199991,Membrane Trafficking,2,668,0.043996575,0.999050737,0.999050737,17,219,0.015556187,9606,Homo sapiens,RAB31;REPS2,,R-HSA-8868071;R-HSA-8866279;R-HSA-8868230;R-HSA-8867756;R-HSA-8868236;R-HSA-8868651;R-HSA-8867754;R-HSA-8868072;R-HSA-8868648;R-HSA-8868661;R-HSA-8868660;R-HSA-8868659;R-HSA-8868658;R-HSA-8877311;R-HSA-8869438;R-HSA-8871194;R-HSA-8871193
R-HSA-1640170,Cell Cycle,2,734,0.048343542,0.999595719,0.999595719,3,451,0.032035801,9606,Homo sapiens,LYN;ESCO2,,R-HSA-2468039;R-HSA-2473152;R-HSA-8942607
R-HSA-9679506,SARS-CoV Infections,1,639,0.042086544,0.999863687,0.999863687,3,401,0.02848416,9606,Homo sapiens,FPR1,,R-HSA-9728804;R-HSA-9679044;R-HSA-9690461
R-HSA-597592,Post-translational protein modification,8,1604,0.105644471,0.999880881,0.999880881,9,538,0.038215656,9606,Homo sapiens,CST3;BST1;FCGR3B;RAB31;B3GNT7;GLB1L;MXRA8;PLAUR,,R-HSA-8870469;R-HSA-8870466;R-HSA-162836;R-HSA-914010;R-HSA-8952289;R-HSA-4084999;R-HSA-162729;R-HSA-9638120;R-HSA-8940388
R-HSA-5653656,Vesicle-mediated transport,2,828,0.054534677,0.999882356,0.999882356,17,252,0.01790027,9606,Homo sapiens,RAB31;REPS2,,R-HSA-8868071;R-HSA-8866279;R-HSA-8868230;R-HSA-8867756;R-HSA-8868236;R-HSA-8868651;R-HSA-8867754;R-HSA-8868072;R-HSA-8868648;R-HSA-8868661;R-HSA-8868660;R-HSA-8868659;R-HSA-8868658;R-HSA-8877311;R-HSA-8869438;R-HSA-8871194;R-HSA-8871193
R-HSA-71291,Metabolism of amino acids and derivatives,1,666,0.043864849,0.999907212,0.999907212,1,285,0.020244353,9606,Homo sapiens,ARG1,,R-HSA-70569
R-HSA-5663205,Infectious disease,7,1512,0.099585062,0.999907498,0.999907498,12,897,0.063716437,9606,Homo sapiens,LYN;FCGR2A;CEBPD;IL1B;FPR1;MEFV,,R-HSA-9664275;R-HSA-9728804;R-HSA-9624033;R-HSA-449058;R-HSA-9664278;R-HSA-9664261;R-HSA-9679044;R-HSA-879221;R-HSA-448703;R-HSA-877361;R-HSA-9698926;R-HSA-9690461
R-HSA-8953854,Metabolism of RNA,1,789,0.051966015,0.999984058,0.999984058,2,187,0.013283137,9606,Homo sapiens,APOBEC3A,,R-HSA-77609;R-HSA-83677
R-HSA-1643685,Disease,15,2596,0.170980702,0.99998975,0.99998975,33,1787,0.126935644,9606,Homo sapiens,LYN;BCL2A1;CEBPD;FPR1;MEFV;CYP27A1;FCGR2A;GLB1L;IL1B;SERPING1;TLR4;S100A9;S100A8,,R-HSA-9664275;R-HSA-9670418;R-HSA-9670417;R-HSA-9670416;R-HSA-9664278;R-HSA-3656382;R-HSA-9670426;R-HSA-9725338;R-HSA-9690461;R-HSA-9651456;R-HSA-9036061;R-HSA-9664261;R-HSA-9679044;R-HSA-9651467;R-HSA-5602383;R-HSA-9650447;R-HSA-2265534;R-HSA-9670414;R-HSA-9670413;R-HSA-9670412;R-HSA-449058;R-HSA-5602353;R-HSA-5602672;R-HSA-4341669;R-HSA-5602170;R-HSA-9728804;R-HSA-9035960;R-HSA-9624033;R-HSA-879221;R-HSA-448703;R-HSA-5602606;R-HSA-877361;R-HSA-9698926
R-HSA-212436,Generic Transcription Pathway,6,1588,0.104590661,0.999990392,0.999990392,9,884,0.06279301,9606,Homo sapiens,SPI1;TNFRSF10C;FOS,,R-HSA-9768950;R-HSA-5633414;R-HSA-9768945;R-HSA-5633441;R-HSA-8865491;R-HSA-8865505;R-HSA-6806412;R-HSA-6806394;R-HSA-8865498
R-HSA-73857,RNA Polymerase II Transcription,6,1730,0.113943226,0.99999827,0.99999827,9,945,0.067126012,9606,Homo sapiens,SPI1;TNFRSF10C;FOS,,R-HSA-9768950;R-HSA-5633414;R-HSA-9768945;R-HSA-5633441;R-HSA-8865491;R-HSA-8865505;R-HSA-6806412;R-HSA-6806394;R-HSA-8865498
R-HSA-392499,Metabolism of proteins,9,2214,0.145820984,0.99999954,0.99999954,11,811,0.057607615,9606,Homo sapiens,CST3;BST1;FCGR3B;RAB31;B3GNT7;GLB1L;MXRA8;PLAUR;LYZ,,R-HSA-976734;R-HSA-8870469;R-HSA-8870466;R-HSA-162836;R-HSA-914010;R-HSA-8952289;R-HSA-4084999;R-HSA-162729;R-HSA-9638120;R-HSA-8940388;R-HSA-977136
R-HSA-74160,Gene expression (Transcription),6,1893,0.124678917,0.999999773,0.999999773,9,1060,0.075294786,9606,Homo sapiens,SPI1;TNFRSF10C;FOS,,R-HSA-9768950;R-HSA-5633414;R-HSA-9768945;R-HSA-5633441;R-HSA-8865491;R-HSA-8865505;R-HSA-6806412;R-HSA-6806394;R-HSA-8865498
R-HSA-9709957,Sensory Perception,1,1262,0.083119278,0.999999984,0.999999984,1,143,0.010157693,9606,Homo sapiens,DHRS9,,R-HSA-2454081
R-HSA-1430728,Metabolism,19,3641,0.23980768,0.999999989,0.999999989,66,2268,0.161102429,9606,Homo sapiens,CDA;SLC44A4;ARG1;G0S2;GMPR;PYGL;PTGS2;CYP27A1;BST1;PHOSPHO1;MARCKS;B3GNT7;GLB1L;LPCAT2;PLBD1;CYP2F1;CA14,,R-HSA-76416;R-HSA-1483159;R-HSA-193792;R-HSA-9018880;R-HSA-73608;R-HSA-211983;R-HSA-1482884;R-HSA-76434;R-HSA-211991;R-HSA-9028255;R-HSA-211988;R-HSA-444433;R-HSA-2314686;R-HSA-9027607;R-HSA-9027627;R-HSA-76453;R-HSA-1482547;R-HSA-71588;R-HSA-212005;R-HSA-71590;R-HSA-70569;R-HSA-192042;R-HSA-211881;R-HSA-1482685;R-HSA-514604;R-HSA-2309773;R-HSA-2309779;R-HSA-1606312;R-HSA-193713;R-HSA-1482533;R-HSA-192054;R-HSA-193719;R-HSA-193460;R-HSA-2309787;R-HSA-76475;R-HSA-2161951;R-HSA-2090079;R-HSA-76354;R-HSA-1605724;R-HSA-9027532;R-HSA-211910;R-HSA-1475025;R-HSA-193737;R-HSA-8870346;R-HSA-1483096;R-HSA-211929;R-HSA-193497;R-HSA-453339;R-HSA-1482825;R-HSA-1475017;R-HSA-1605624;R-HSA-1989759;R-HSA-9026408;R-HSA-1482612;R-HSA-2025724;R-HSA-9020261;R-HSA-76397;R-HSA-399978;R-HSA-143468;R-HSA-193393;R-HSA-193780;R-HSA-192123;R-HSA-193787;R-HSA-1630306;R-HSA-191999;R-HSA-1482856
